complex_no	pyeong_no
12637	2
12637	4
12637	5
12637	7
126373	1
126373	2
126373	3
126373	4
126373	5
126373	6
126373	7
126373	8
126373	9
126374	1
126374	10
126374	14
126374	2
126374	3
126374	4
126374	5
126374	6
126374	7
126374	8
126377	1
126377	2
126377	3
126378	1
126378	2
126378	3
126378	4
12638	1
12638	2
12638	3
12638	5
12638	6
12638	7
12638	8
12638	9
126381	1
126381	2
126381	3
126381	4
126382	1
126382	2
126382	3
12639	1
12639	11
12639	12
12639	13
12639	14
12639	15
12639	16
12639	17
12639	2
12639	3
12639	4
12639	5
12639	6
12639	7
12639	8
12639	9
126393	1
126393	2
126393	3
126399	1
126399	2
126399	3
1264	1
1264	2
1264	3
12640	1
12640	2
12640	3
126400	1
126403	1
126403	2
126403	3
126403	4
126403	5
126405	1
126405	10
126405	11
126405	12
126405	13
126405	2
126405	3
126405	4
126405	5
126405	7
12641	1
12641	10
12641	11
12641	12
12641	2
12641	3
12641	4
12641	5
12641	6
12641	7
12641	8
12641	9
126411	1
126411	2
126418	1
126418	10
126418	11
126418	12
126418	13
126418	14
126418	15
126418	16
126418	2
126418	3
126418	4
126418	5
126418	6
126418	7
126418	8
126418	9
12642	1
12642	2
12642	3
12642	4
126424	1
126424	2
126425	1
126425	2
126425	3
126425	4
126426	1
126426	2
126426	3
126426	4
126426	5
126426	6
126426	7
126427	1
126427	2
126427	3
126428	1
126428	2
126428	3
126429	1
126429	2
126429	3
126429	4
126429	5
126429	6
12643	1
12643	2
12643	3
12643	4
126430	1
126430	2
126430	3
126432	1
126432	2
126432	3
126432	4
126432	5
126432	7
126432	8
126432	9
126434	1
126434	2
126434	3
126434	4
126434	5
126435	1
126437	1
126437	2
12644	1
12644	10
12644	2
12644	3
12644	4
12644	5
12644	6
12644	7
12644	8
12644	9
126440	1
126440	2
126440	3
126440	4
126440	5
126441	1
126441	2
126441	3
126441	4
126441	5
126442	1
126442	2
126442	3
126442	4
126443	1
126443	2
126445	1
126445	2
126445	3
126445	4
126445	5
126446	1
126446	2
126446	3
126446	4
126452	1
126452	2
126452	3
126452	4
126452	5
126452	6
126452	7
126453	1
126455	1
126455	2
126455	3
126455	4
126455	5
126455	6
126456	1
126456	2
126456	3
126456	4
126456	5
126456	6
126456	7
126456	8
126456	9
12646	1
12646	10
12646	11
12646	12
12646	13
12646	14
12646	15
12646	16
12646	17
12646	18
12646	19
12646	2
12646	20
12646	21
12646	22
12646	23
12646	24
12646	25
12646	26
12646	27
12646	28
12646	29
12646	3
12646	30
12646	31
12646	32
12646	33
12646	34
12646	35
12646	4
12646	5
12646	6
12646	7
12646	8
12646	9
126460	1
126460	2
126460	3
126460	4
126460	5
126461	1
126461	2
126461	3
126461	4
126461	5
126463	1
126466	1
126466	2
126466	3
126466	4
126466	5
126466	6
126466	7
126467	1
126467	10
126467	2
126467	3
126467	4
126467	5
126467	6
126467	7
126467	8
126467	9
126474	1
126474	2
126474	3
126476	1
12648	1
12648	10
12648	2
12648	3
12648	4
12648	5
12648	6
12648	7
12648	8
12648	9
126482	1
126484	1
126485	1
126485	2
126485	3
126485	4
126485	5
126485	6
126488	1
126489	1
12649	1
12649	2
12649	3
12649	4
126490	1
126490	2
126491	1
126493	1
126493	2
126493	3
126493	4
126493	5
126496	1
126496	2
126497	1
126497	2
126498	1
126498	2
126498	3
126498	4
126498	5
126498	6
126498	7
126498	8
126499	1
126499	2
126499	3
1265	1
1265	2
1265	3
12650	1
12650	2
12650	3
12650	4
12650	5
12650	6
126501	1
126501	2
126501	3
126501	4
126501	5
126501	6
126501	7
126502	1
126502	2
126502	3
126502	4
126509	1
12651	1
126511	1
126514	1
126514	2
126514	3
126514	4
126514	5
126514	6
126515	1
126515	2
126515	3
126515	4
126515	5
126515	6
126515	7
126516	1
126516	10
126516	11
126516	12
126516	13
126516	14
126516	15
126516	16
126516	2
126516	3
126516	4
126516	5
126516	6
126516	7
126516	8
126516	9
12652	1
12652	2
12652	3
12652	4
12652	5
126520	1
126520	2
126520	3
126520	4
126520	5
126521	1
126521	2
126521	3
126522	1
126522	2
126522	3
126525	1
126525	2
126525	3
126526	1
126526	2
126526	3
126526	4
126527	1
126527	2
126527	3
126527	4
126527	5
126527	6
126527	7
126527	8
126528	1
126528	2
126528	3
126528	4
126528	5
12653	1
12653	2
12653	3
12653	4
126532	1
126532	2
126534	1
126534	2
126534	3
126534	4
126537	1
126537	2
126537	3
126537	4
12654	1
12654	10
12654	2
12654	3
12654	4
12654	5
12654	6
12654	7
12654	8
12654	9
126540	1
126540	2
126540	3
126540	4
126540	5
126541	1
126541	2
126541	3
126541	4
126543	1
126543	2
126543	3
126543	4
126546	1
126546	2
126546	3
126546	4
126547	1
126547	2
126548	1
126548	2
126548	3
126548	4
126549	1
126549	2
126549	3
126549	4
126549	5
12655	1
12655	10
12655	11
12655	12
12655	13
12655	14
12655	15
12655	2
12655	3
12655	4
12655	5
12655	6
12655	7
12655	8
12655	9
126554	1
126554	2
126555	1
126555	2
126556	1
126556	2
126556	3
126556	4
126557	1
126557	2
126557	3
126558	1
126558	10
126558	11
126558	12
126558	13
126558	2
126558	3
126558	4
126558	5
126558	6
126558	7
126558	8
126558	9
126559	1
126559	2
126559	3
126569	1
126569	10
126569	11
126569	12
126569	13
126569	14
126569	2
126569	3
126569	4
126569	5
126569	6
126569	7
126569	8
126569	9
12657	1
12657	10
12657	11
12657	2
12657	3
12657	4
12657	5
12657	6
12657	7
12657	8
12657	9
126570	1
126570	2
126570	3
126570	4
126570	5
126571	1
126571	2
126573	1
126574	1
126574	2
126575	1
126575	2
126575	3
126575	4
126579	1
126579	2
126579	3
126579	4
126579	5
126580	1
126580	2
126580	3
126580	4
126580	5
126580	6
126580	7
126584	1
126584	2
126584	3
126584	4
126585	1
126585	2
126585	3
126585	4
126585	5
126585	6
126589	1
126589	2
126589	3
126589	4
126589	5
126589	6
126589	7
126591	1
126591	2
126592	1
126592	2
126592	3
126592	4
126592	5
126592	6
126595	1
126595	2
126595	3
126595	4
126596	1
126596	2
126596	3
126597	1
126597	2
1266	1
1266	2
1266	3
1266	4
126601	1
126601	2
126603	1
126603	2
126603	3
126607	1
126607	2
126607	3
126607	4
126607	5
126607	6
126607	7
126608	1
126608	2
126608	3
126608	4
126608	5
126608	6
126608	7
126609	2
126609	3
126609	4
126609	5
126609	6
126610	1
126611	1
126611	2
126611	3
126612	1
126612	2
126612	3
126612	4
126612	5
126612	6
126612	7
126612	8
126612	9
126613	1
126613	2
126613	3
126614	1
126614	2
126614	3
126614	4
126614	5
126614	6
126614	7
126614	8
126615	1
126615	2
126618	1
126618	2
126618	3
126618	4
126618	5
126618	6
126618	7
126618	8
12662	1
12662	10
12662	11
12662	12
12662	13
12662	14
12662	2
12662	3
12662	5
12662	6
12662	7
12662	8
126621	1
126625	1
126625	2
126625	3
126625	4
126625	5
126626	1
126626	2
126626	3
126626	4
126626	5
126626	6
126626	7
126626	8
12663	1
12663	10
12663	11
12663	2
12663	3
12663	4
12663	5
12663	6
12663	7
12663	8
12663	9
126633	1
126633	2
126633	3
126633	4
126634	1
126634	2
126634	3
126634	4
126639	1
126639	2
126639	3
126639	4
126639	5
126639	6
126639	7
126641	1
126641	2
126641	3
126641	4
126641	5
126642	1
126642	2
126643	1
126643	2
126643	3
126644	1
126644	2
126646	1
126646	2
126646	3
126646	4
126646	5
126646	6
126647	1
126647	2
126647	3
126651	1
126651	2
126652	1
126652	2
126652	3
126652	4
126654	1
126654	2
126654	3
126654	4
126654	5
126654	6
126654	7
126654	8
126658	1
126658	2
126658	3
126659	1
126659	2
12666	1
12666	10
12666	11
12666	12
12666	13
12666	14
12666	15
12666	16
12666	17
12666	18
12666	19
12666	20
12666	21
12666	22
12666	23
12666	24
12666	4
12666	5
12666	6
12666	7
12666	9
126663	1
126667	1
126667	2
126669	1
126669	2
126669	3
12667	1
12667	10
12667	11
12667	2
12667	3
12667	4
12667	5
12667	6
12667	8
126673	1
126673	2
126674	1
126674	10
126674	11
126674	12
126674	13
126674	2
126674	3
126674	4
126674	5
126674	6
126674	7
126674	8
126674	9
126678	1
126678	2
126678	3
126678	4
126679	1
126679	2
126679	3
126679	4
126679	5
12668	1
12668	10
12668	13
12668	14
12668	15
12668	16
12668	17
12668	18
12668	19
12668	2
12668	20
12668	21
12668	22
12668	3
12668	4
12668	5
12668	6
12668	8
126686	1
126686	10
126686	11
126686	2
126686	3
126686	4
126686	5
126686	6
126686	7
126686	8
126686	9
126687	1
126687	2
126687	3
126687	4
126687	5
126687	6
126687	7
126694	1
126694	2
126694	3
126695	1
126695	2
126695	3
126695	4
126695	5
126695	6
126695	7
126696	1
126696	2
1267	1
126700	1
126700	2
126700	3
126700	4
126700	5
126700	6
126701	1
126701	2
126704	1
126704	10
126704	11
126704	12
126704	13
126704	2
126704	3
126704	4
126704	5
126704	6
126704	7
126704	8
126704	9
126707	1
126707	2
126707	3
126707	4
126707	5
126707	6
126707	7
126709	1
126709	2
126709	3
126709	4
126709	5
126709	6
12671	1
12671	2
12671	3
12671	4
12671	5
12671	6
12671	7
126710	1
126710	2
126711	1
126711	2
126711	3
126711	4
126711	5
126711	6
126711	7
126712	1
126712	2
126712	3
126713	1
126713	2
126717	1
126717	2
126717	3
126717	4
126718	1
126718	2
126718	3
126719	1
126719	2
126721	1
126721	2
126721	3
126722	1
126722	2
126722	3
126723	1
126723	2
126723	3
126723	4
126724	1
126724	2
126725	1
126725	2
126725	3
126725	4
126725	5
126725	6
126725	7
126725	8
126726	1
126726	10
126726	11
126726	12
126726	13
126726	14
126726	15
126726	16
126726	17
126726	18
126726	19
126726	2
126726	3
126726	4
126726	5
126726	6
126726	7
126726	8
126726	9
126727	1
126727	2
126727	3
126727	4
126730	1
126730	2
126730	3
126738	1
126738	2
126738	3
126738	4
126739	1
126739	2
126739	3
126740	1
126740	2
126740	3
126744	1
126744	2
126744	3
126744	4
126744	5
126744	6
126745	1
126745	2
126745	3
126745	4
126749	1
126749	2
126749	3
126749	4
126749	5
126749	6
126749	7
126749	8
126749	9
12675	1
12675	2
12675	3
12675	4
12675	5
12675	6
12675	7
12675	8
12675	9
126755	1
126755	10
126755	11
126755	12
126755	13
126755	14
126755	15
126755	16
126755	17
126755	18
126755	2
126755	3
126755	4
126755	5
126755	6
126755	7
126755	8
126755	9
126760	1
126760	2
126760	3
126761	1
126761	10
126761	2
126761	3
126761	4
126761	5
126761	6
126761	7
126761	8
126761	9
126762	1
126762	10
126762	11
126762	12
126762	2
126762	3
126762	4
126762	5
126762	6
126762	7
126762	8
126762	9
126763	1
126764	1
126765	1
126765	10
126765	11
126765	12
126765	13
126765	14
126765	15
126765	16
126765	2
126765	3
126765	4
126765	5
126765	6
126765	7
126765	8
126765	9
12677	1
12677	2
12677	3
12677	4
12677	5
12677	6
12677	7
126771	1
126771	2
126771	3
126771	4
126771	5
126771	6
126771	7
126771	8
126771	9
126776	1
126776	2
126776	3
126776	4
126776	5
126776	6
126777	1
126777	2
126777	3
126777	4
126777	5
126778	1
126778	2
126778	3
126778	4
126779	1
126779	2
126779	3
126779	4
126785	1
126785	2
126785	3
126786	1
126789	1
126789	2
126789	3
12679	1
12679	2
126790	1
126790	2
126790	3
126790	4
126791	1
126791	2
126798	1
126798	2
126798	3
126798	4
126798	5
126798	6
126798	7
126798	8
126798	9
126800	1
126800	2
126800	3
126800	4
126803	1
126803	2
126803	3
126803	4
126804	1
126808	1
126808	2
126808	3
126808	4
126808	5
126808	6
12681	1
12681	2
12681	3
12681	4
126810	1
126810	2
126811	1
126811	10
126811	2
126811	3
126811	4
126811	5
126811	6
126811	7
126811	8
126811	9
126812	1
126812	2
126813	1
126813	2
126813	3
126814	1
126814	2
126814	3
126819	1
126823	1
126823	2
126826	1
126826	2
126826	3
126826	4
126827	1
126827	2
126827	3
126827	4
126827	5
126827	6
126827	7
126828	1
126828	2
126828	3
126828	4
126828	5
126828	6
126829	1
126829	2
126829	3
126829	4
126829	5
126829	6
126829	7
126829	8
12683	1
12683	3
126830	1
126830	2
126830	3
126830	4
126838	1
12684	1
12684	10
12684	11
12684	2
12684	3
12684	4
12684	5
12684	6
12684	7
12684	8
12684	9
126847	1
126847	10
126847	2
126847	3
126847	4
126847	5
126847	6
126847	7
126847	8
126847	9
126848	1
126848	2
126848	3
126848	4
126848	5
126848	6
12685	1
12685	2
12685	3
12685	4
12685	5
12685	6
12685	7
12685	9
126851	1
126851	2
126852	1
126852	2
126852	3
126852	4
126852	5
126852	6
126853	1
126853	2
126853	3
126853	4
126853	5
126853	6
126853	7
126853	8
126853	9
126855	1
126855	2
126855	3
126855	4
126855	5
126855	6
126855	7
126857	1
126857	2
126857	3
126857	4
126857	5
126857	6
126857	7
126858	1
126858	2
126858	3
126858	4
12686	1
126861	1
126861	2
126861	3
126861	4
126861	5
126861	6
126861	7
126862	1
126862	2
126862	3
126862	4
126862	5
126862	6
126862	7
126863	1
126863	2
126863	3
126863	4
126863	5
126863	6
126863	7
126863	8
126869	1
126869	10
126869	11
126869	12
126869	13
126869	2
126869	3
126869	4
126869	5
126869	6
126869	7
126869	8
126869	9
12687	1
12687	2
12687	3
12687	4
12687	5
12687	6
12687	7
126870	1
126870	2
126870	3
126870	4
126871	1
126871	2
126871	3
126871	4
126877	1
126877	2
126877	3
126877	4
126877	5
126877	6
126877	7
126877	8
126877	9
12688	1
12688	2
126880	1
126880	2
126880	3
126880	4
126880	5
126880	6
126880	7
126880	8
126884	1
126885	1
126885	2
126885	3
126885	4
126886	1
126886	2
126886	3
126886	4
126887	1
126887	2
126887	3
126887	4
12689	1
12689	2
12689	3
126890	1
126890	2
126890	3
126890	4
126890	5
126890	6
126891	1
126891	2
126891	3
126891	4
126893	1
126893	2
126893	3
126893	4
126899	1
126899	2
126899	3
126899	4
1269	1
1269	2
126900	1
126900	2
126900	3
126900	4
126900	5
126900	6
126904	1
126905	1
126905	2
126906	1
126906	2
126909	1
12691	1
12691	2
126910	1
126910	2
126910	3
126910	4
126910	5
126910	6
126912	1
126913	1
126913	2
126913	3
126913	4
126913	5
126913	6
126918	1
126918	2
126919	1
126919	2
126919	3
126924	1
126924	10
126924	11
126924	12
126924	2
126924	3
126924	4
126924	5
126924	6
126924	7
126924	8
126924	9
126925	1
126925	2
126925	3
126925	4
126926	1
126926	2
126926	3
126926	4
126926	5
126926	6
126927	1
126927	10
126927	11
126927	12
126927	13
126927	14
126927	2
126927	3
126927	4
126927	5
126927	6
126927	7
126927	8
126927	9
12693	1
126934	1
126934	2
126934	3
126936	1
126936	2
126936	3
126936	4
126936	5
126936	6
126936	7
126936	8
126937	1
126937	2
126937	3
126938	1
12694	1
12694	2
12694	3
12694	4
12694	5
12694	6
12694	7
12694	8
12694	9
126943	1
126943	2
126949	1
126949	2
12695	1
12695	10
12695	11
12695	12
12695	13
12695	14
12695	15
12695	2
12695	3
12695	4
12695	5
12695	6
12695	7
12695	8
12695	9
126950	1
126950	2
126950	3
126950	4
126956	1
126956	2
126956	3
126956	4
126956	5
126956	6
126956	7
126957	1
126963	1
126963	2
126963	3
126964	1
126964	2
126964	3
126964	4
126964	5
126964	6
126964	7
126964	8
126967	1
126967	2
126968	3
126968	4
126970	1
126970	2
126973	1
126973	2
126973	3
126973	4
126975	1
126975	2
126975	3
126977	1
126977	2
126977	3
126977	4
126979	1
126979	2
126979	3
126979	4
126979	5
12698	1
12698	2
12698	3
12698	4
126980	1
126980	2
126989	1
126989	2
126989	3
126989	4
126990	1
126990	2
126990	3
126991	1
126991	2
126991	3
126992	1
126992	2
126992	3
126992	4
126995	1
126996	1
126996	2
126996	3
126996	4
127	1
127	2
127	3
127	4
127	5
127	6
1270	1
1270	2
1270	3
1270	4
1270	5
12700	1
12700	2
12700	3
127001	1
127001	2
127001	3
127001	4
127001	5
127001	6
127003	1
127003	2
127003	3
127003	4
127003	5
127003	6
127004	1
127004	2
127004	3
127004	4
127005	1
127005	2
127005	3
127005	4
127005	5
127005	6
127005	7
127006	4
127006	5
127006	6
12701	1
12701	10
12701	2
12701	3
12701	4
12701	5
12701	6
12701	7
12701	8
12701	9
127013	3
127013	4
127013	5
127014	1
127014	2
127014	3
127014	4
127014	5
127015	1
127015	2
127015	3
127015	4
127016	1
127016	2
127016	3
127016	4
127016	5
127017	1
127017	2
127018	1
127019	1
12702	1
12702	2
12702	3
12702	4
12702	5
127027	1
127027	2
127027	3
127036	1
127036	2
127036	3
127037	1
127037	2
127039	1
127039	2
127039	3
12704	1
12704	10
12704	2
12704	3
12704	4
12704	5
12704	6
12704	7
12704	8
12704	9
127042	1
12705	1
12705	2
127051	1
127051	2
127051	3
127051	4
127052	1
127052	2
127052	3
127052	4
127053	1
127057	1
127057	2
127057	3
127057	4
127057	5
127057	6
127057	7
127057	8
12706	1
12706	2
12706	3
12706	4
12706	5
127062	1
127062	2
127062	3
127062	4
127062	5
127062	6
127062	7
127062	8
127062	9
127065	1
127066	1
127066	2
127066	3
127066	4
127066	5
127066	6
127067	1
127067	2
127069	1
127069	2
127069	3
127069	4
127069	5
127069	6
127071	1
127071	10
127071	11
127071	12
127071	13
127071	14
127071	15
127071	16
127071	17
127071	18
127071	19
127071	2
127071	20
127071	21
127071	22
127071	23
127071	24
127071	3
127071	4
127071	5
127071	6
127071	7
127071	8
127071	9
127072	1
127072	10
127072	11
127072	12
127072	2
127072	3
127072	4
127072	5
127072	6
127072	7
127072	8
127072	9
127073	1
127073	2
127073	3
127078	1
127078	2
127078	3
127078	4
127078	5
127079	1
12708	1
12708	2
12708	3
127080	1
127080	2
127080	3
127080	4
127080	5
127080	6
127081	1
127081	2
127081	3
127083	1
127083	2
127083	3
127083	4
127083	5
127083	6
127083	7
127083	8
127084	1
127085	1
127086	1
127086	2
127086	3
127087	1
127087	2
127087	3
127089	1
127089	10
127089	11
127089	12
127089	13
127089	2
127089	3
127089	4
127089	5
127089	6
127089	7
127089	8
127089	9
12709	1
12709	10
12709	11
12709	12
12709	2
12709	3
12709	4
12709	5
12709	6
12709	7
12709	8
12709	9
127090	1
127090	2
127091	1
127091	2
127091	3
127091	4
127092	1
127092	2
127092	3
127092	4
127092	5
127092	6
127092	7
127094	1
127094	2
127094	3
127094	4
127094	5
127095	1
127095	2
127095	3
127095	4
127095	5
127095	6
127095	7
127095	8
127096	1
127096	2
127096	3
127096	4
1271	1
1271	2
127100	1
127100	2
127100	3
127100	4
127100	5
127100	6
127101	1
127101	2
127104	1
127104	2
127104	3
127104	4
127104	5
127107	1
127108	1
127108	2
127108	3
127109	1
127109	2
127109	3
127109	4
127109	5
12711	1
12711	2
127110	1
127110	2
127110	3
127110	4
127110	5
127110	6
127111	1
127111	2
127111	3
127111	4
127111	5
127111	6
127111	7
127111	8
127112	1
127112	2
127112	3
127112	4
127112	5
127112	6
127114	1
127114	2
127114	3
127114	4
127114	5
127115	1
127115	2
127115	3
127115	4
127115	5
127115	6
127116	1
127116	2
127116	3
127116	4
127116	5
127116	6
127116	7
127116	8
127116	9
127117	1
127117	2
127117	3
127117	4
127118	1
127118	2
127118	3
127118	4
127119	1
127119	2
127119	3
127119	4
127119	5
127119	6
127120	1
127120	2
127120	3
127120	4
127120	5
127120	6
127120	7
127121	1
127121	2
127121	3
127122	1
127122	2
127122	3
127123	1
127127	1
127127	2
127128	1
127128	2
127128	3
127128	4
127128	5
12713	1
12713	11
12713	12
12713	13
12713	14
12713	15
12713	16
12713	17
12713	18
12713	19
12713	2
12713	20
12713	21
12713	22
12713	3
12713	4
12713	5
12713	6
12713	7
12713	8
127132	1
127132	2
127132	3
127132	4
127132	5
127132	6
127132	7
127132	8
127132	9
127134	1
127134	2
127134	3
127134	4
127134	5
127134	6
127134	7
127134	8
127134	9
127135	1
127135	2
127135	3
127135	4
127135	5
127135	6
127135	7
127137	1
127137	2
127137	3
127137	5
127138	1
127138	2
127138	3
127138	4
127139	1
127139	2
127139	3
127139	4
127139	5
12714	1
12714	10
12714	11
12714	12
12714	2
12714	3
12714	4
12714	5
12714	6
12714	7
12714	8
127140	1
127140	2
127140	3
127144	1
127144	2
127144	3
127144	4
127145	1
127145	2
127145	3
127145	4
127146	1
127146	2
127146	3
127146	4
127146	5
127146	6
127146	7
127146	8
127148	1
127148	10
127148	11
127148	12
127148	13
127148	14
127148	15
127148	16
127148	2
127148	3
127148	4
127148	5
127148	6
127148	7
127148	8
127148	9
127149	1
127149	2
127149	3
127149	4
127149	5
127149	6
127154	1
127154	2
127155	1
127155	10
127155	2
127155	3
127155	4
127155	5
127155	6
127155	7
127155	8
127155	9
127158	1
127158	2
127158	3
127159	1
127159	2
127159	3
127159	4
12716	1
12716	2
12716	3
12716	4
127160	1
127161	1
127161	2
127161	3
127161	4
127162	1
127162	2
127162	3
127163	1
127163	2
127164	1
127164	2
127164	3
127165	1
127166	1
127166	2
127167	1
127167	2
127167	3
127168	1
127168	10
127168	2
127168	3
127168	4
127168	5
127168	6
127168	7
127168	8
127168	9
127171	1
127171	2
127171	3
127171	4
127171	5
127176	1
127179	1
127179	2
127179	3
127179	4
127179	5
127179	6
12718	1
12718	2
12718	3
12718	4
12718	5
127180	1
127180	2
127180	3
127185	1
127185	2
127185	3
127185	4
127187	1
127187	2
12719	1
12719	2
127191	1
127191	2
127191	3
127191	4
127192	1
127192	2
127192	3
127192	4
127193	1
127193	2
127193	3
127193	4
127193	5
127195	1
127195	2
127195	3
127201	1
127201	2
127202	1
127202	2
127202	3
127202	4
127203	1
127203	2
127203	3
127203	4
127204	1
127204	2
127204	3
127205	1
127205	2
127205	3
127205	4
127205	5
127205	6
127206	1
127206	2
127206	3
127207	1
127207	2
127207	3
127207	4
127208	1
127208	2
127208	3
12721	1
12721	2
127211	1
127211	2
127211	3
127211	4
127211	5
127211	6
12722	1
12722	2
127220	1
127220	2
127221	1
127221	2
127221	3
127221	4
127221	5
127221	6
127222	1
127222	2
127223	1
127223	2
127223	3
127223	4
127224	1
127224	2
127226	1
127226	2
127226	3
127227	1
127227	2
12723	1
12723	2
12723	3
12723	4
12723	5
127232	1
127232	2
127232	3
127232	4
127232	5
127232	6
127232	7
127237	1
127237	10
127237	11
127237	12
127237	13
127237	14
127237	15
127237	2
127237	3
127237	4
127237	5
127237	6
127237	7
127237	8
127237	9
127238	1
127238	2
127238	3
127238	4
127238	5
127239	1
127239	2
127239	3
127239	4
12724	1
12724	2
12724	3
127242	1
127242	2
127244	1
127244	2
127245	1
127245	2
127249	1
127249	2
127249	3
12725	1
12725	2
12725	3
127255	1
127256	1
127256	2
127256	3
127257	1
127257	2
127259	1
127259	2
127259	3
127259	4
127259	5
127259	6
127259	7
127259	8
12726	1
12726	2
12726	3
12726	4
12726	7
12726	8
127262	1
127263	1
127263	2
127263	3
127263	4
127263	5
127263	6
127263	7
127263	8
127263	9
127264	2
127264	3
127264	4
127267	1
127269	1
127269	2
127269	3
127269	4
127269	5
127269	6
127269	7
12727	1
12727	2
12727	3
127270	1
127270	2
127270	3
127270	4
127272	1
127272	2
127274	1
127274	2
127276	1
127277	1
127277	10
127277	11
127277	12
127277	13
127277	14
127277	2
127277	3
127277	4
127277	5
127277	6
127277	7
127277	8
127277	9
127278	1
127278	2
127278	3
127278	4
12728	1
12728	2
12728	3
12728	4
127280	1
127280	2
127280	3
127280	4
127280	5
127280	6
127280	7
127281	1
127281	2
127281	3
127281	4
127286	1
127286	2
127287	1
127287	2
127287	3
127287	4
12729	1
12729	2
12729	3
127293	1
127293	10
127293	11
127293	12
127293	13
127293	14
127293	15
127293	2
127293	3
127293	4
127293	5
127293	6
127293	7
127293	8
127293	9
127294	1
127294	2
127294	3
127294	4
127294	5
127294	6
127294	7
127294	8
127295	1
127295	2
127295	3
127295	4
127295	5
127295	6
127296	1
127296	2
127296	3
127298	1
127299	1
127299	2
1273	1
1273	2
1273	3
12730	1
12730	2
12730	3
12731	1
12731	2
127310	1
127310	2
127310	3
127313	1
127313	2
127313	3
127314	1
127314	10
127314	11
127314	12
127314	14
127314	15
127314	16
127314	17
127314	2
127314	3
127314	4
127314	5
127314	6
127314	7
127314	8
127314	9
127315	1
127315	2
127315	3
127317	1
127317	2
127317	3
127317	4
127318	1
127318	2
127318	3
127318	4
127318	5
127319	1
127319	2
127319	3
127319	4
12732	1
12732	2
12732	3
127320	1
127320	2
127322	1
127322	2
127322	3
127326	1
12733	1
12733	2
12733	3
12733	4
12733	5
12733	6
12733	7
127330	1
127330	2
127330	3
127333	1
127333	2
127333	3
127333	4
127338	1
127338	2
127338	3
127338	4
12734	1
12734	2
12734	3
12734	4
12734	5
12734	6
12734	7
127342	1
127342	2
127342	3
127342	4
127342	5
127343	1
127343	2
127343	3
127345	1
127348	1
127348	2
127348	3
127348	4
12735	1
12735	2
12735	3
127350	1
127352	1
127352	2
127352	3
127352	4
127352	5
127352	6
127353	1
127355	1
127355	2
127356	1
127356	2
127356	3
127357	1
127357	2
127357	3
127357	4
127358	1
127358	2
127358	3
127362	1
127362	2
127364	1
127364	2
127364	3
127364	4
127364	5
127364	6
127370	1
127370	2
127370	3
127373	1
127373	10
127373	11
127373	12
127373	13
127373	14
127373	15
127373	16
127373	17
127373	18
127373	2
127373	3
127373	4
127373	5
127373	6
127373	7
127373	8
127373	9
127374	1
127374	2
127374	3
127374	4
127374	5
127374	6
127375	1
127376	1
127376	10
127376	11
127376	12
127376	13
127376	2
127376	3
127376	4
127376	5
127376	6
127376	7
127376	8
127376	9
127377	1
127377	2
127377	3
127377	4
127379	1
127379	2
127379	3
127379	4
127379	5
127379	6
127381	1
127381	2
127381	3
127381	4
127382	1
127382	2
127382	3
127382	4
127382	5
127383	1
127383	2
127385	1
127385	10
127385	11
127385	2
127385	3
127385	4
127385	5
127385	6
127385	7
127385	8
127385	9
127386	1
127386	2
127387	1
127387	2
127387	3
127387	4
127389	1
127389	2
127389	3
127389	4
127389	5
127389	6
127389	7
127389	8
127389	9
12739	1
12739	2
12739	3
127390	1
127390	10
127390	2
127390	3
127390	4
127390	5
127390	6
127390	7
127390	8
127390	9
127392	1
127392	2
127397	1
127397	2
127397	3
1274	1
1274	2
127400	1
127404	1
127404	2
127404	3
127405	1
127406	1
127406	2
127406	3
127406	4
127406	5
127406	6
127407	1
127407	2
127407	3
12741	1
12741	2
127417	1
127417	2
127417	3
127417	4
127417	5
127417	6
127417	7
127417	8
127421	1
127421	2
127421	3
127421	4
127421	5
127421	6
127421	7
127422	1
127422	2
127422	3
127422	4
127422	5
127422	6
127422	7
127422	8
127423	1
127423	2
127423	3
127423	4
127424	1
127424	2
127424	3
127424	4
127424	5
127424	6
127425	1
127425	2
127427	1
127427	2
127427	3
127427	4
127427	5
127429	1
127429	2
127429	3
127429	4
127429	5
127429	6
127429	7
12743	1
12743	2
12743	3
12743	4
12743	5
12743	6
127436	1
127436	2
127436	3
127436	4
127436	5
127436	6
127445	1
127445	10
127445	11
127445	12
127445	13
127445	2
127445	3
127445	4
127445	5
127445	6
127445	7
127445	8
127445	9
127446	1
127446	2
127446	3
127448	1
127448	2
12745	2
12745	3
127450	1
127450	2
127452	1
127452	2
127453	1
127454	1
127456	1
127456	2
127456	3
127456	4
127456	5
127456	6
127456	7
127456	8
127459	1
127460	1
127460	10
127460	2
127460	3
127460	4
127460	5
127460	6
127460	7
127460	8
127460	9
127462	1
127464	1
127464	2
127464	3
127468	1
127468	2
127468	3
127469	1
127469	2
127469	3
12747	1
12747	2
127471	1
127473	1
127473	10
127473	11
127473	2
127473	3
127473	4
127473	5
127473	6
127473	7
127473	8
127473	9
127474	1
127474	2
127475	1
127475	2
127477	1
127477	10
127477	11
127477	12
127477	13
127477	14
127477	15
127477	16
127477	2
127477	3
127477	4
127477	5
127477	6
127477	7
127477	8
127477	9
127478	1
127480	1
127480	2
127480	3
127482	1
127482	10
127482	11
127482	12
127482	13
127482	2
127482	3
127482	4
127482	5
127482	6
127482	7
127482	8
127482	9
127483	1
127488	1
127488	2
127488	3
127488	4
127488	5
127488	6
127488	7
127488	8
127491	1
127492	1
127493	1
127493	2
127493	3
127493	4
127493	5
127493	6
127493	7
127493	8
127494	1
127494	2
127494	3
127494	4
127494	5
127495	1
127495	2
127495	3
127496	1
127496	2
127496	3
127496	4
127496	5
127496	6
127496	7
1275	1
1275	2
1275	3
1275	4
1275	5
127502	1
127502	2
127502	3
127502	4
127502	5
127502	6
127504	1
127504	2
127504	3
127504	4
127504	5
127504	6
127508	1
127508	2
127508	3
127508	4
127508	5
127508	6
127508	7
127508	8
127508	9
127512	1
127512	2
127512	3
127512	4
127512	5
127512	6
127512	7
127512	8
127515	1
127516	1
127516	2
127519	1
127519	2
127519	3
127520	1
127520	2
127520	3
127520	4
127520	5
127522	1
127529	1
127529	2
127529	3
127536	1
127536	2
127539	1
127539	2
127539	3
127541	1
127541	2
127543	1
127543	2
127545	1
127545	2
127545	3
127548	1
127548	2
127548	3
127551	1
127551	2
127551	3
127551	4
127552	1
127552	2
127552	3
127552	4
127553	1
127553	2
127553	3
127553	4
127554	1
127554	2
127555	1
127556	1
127556	2
127556	3
127556	4
127556	5
127556	6
127556	7
127556	8
127557	1
127557	2
127557	3
127558	1
127558	2
127558	3
127558	4
127558	5
127558	6
127558	7
127558	8
127559	1
127559	2
127559	3
127559	4
127559	5
127559	6
127559	7
127561	1
127561	2
127561	3
127561	4
127561	5
127562	1
127562	2
127562	3
127562	4
127562	5
127562	6
127565	1
127565	10
127565	2
127565	3
127565	4
127565	5
127565	6
127565	7
127565	8
127565	9
127566	1
127566	2
127566	3
127566	4
127566	5
127571	1
127571	2
127571	3
127571	4
127571	5
127571	6
127572	1
127572	2
127572	3
127572	4
127572	5
127574	1
127574	2
127576	1
127576	2
127576	3
127579	1
127579	2
127579	3
127579	4
127580	1
127580	2
127581	1
127581	2
127584	1
127584	2
127584	3
127584	4
127584	5
127584	6
127584	7
127585	1
127585	2
127585	3
127587	1
127587	2
127587	3
127587	4
127587	5
127587	6
127600	1
127600	2
127601	1
127601	2
127601	3
127602	1
127602	2
127602	3
127602	4
127602	5
127602	6
127604	1
127604	2
127604	3
127604	4
127604	5
127604	6
127606	1
127606	2
127606	3
127607	1
127607	2
127607	3
127607	4
127607	5
127609	1
127609	2
127609	3
127609	4
127609	5
127613	1
127613	2
127613	3
127614	1
127614	2
127615	1
127615	2
127615	3
127615	4
127615	5
127615	6
127615	7
127616	1
127616	2
127616	3
127616	4
127616	5
127617	1
127617	2
127618	1
127621	1
127627	1
127627	2
127627	3
127627	4
127627	5
127628	1
127628	2
127628	3
127628	4
127628	5
127628	6
127629	3
127629	4
127630	3
127630	4
127630	5
127631	3
127631	4
127634	1
127634	2
127634	3
127634	4
127634	5
127635	1
127635	2
127635	3
127635	4
127635	5
127636	1
127636	2
127636	3
127638	1
127638	10
127638	11
127638	12
127638	13
127638	14
127638	2
127638	3
127638	4
127638	5
127638	6
127638	7
127638	8
127638	9
127641	1
127641	2
127641	3
127641	4
127641	5
127641	6
127642	1
127642	2
127642	3
127643	1
127644	1
127644	2
127644	3
127644	4
127644	5
127645	1
127645	2
127645	3
127645	4
127647	1
127647	2
127647	3
127647	4
127647	5
127647	6
127647	7
127650	1
127656	1
127656	2
127656	3
127656	4
127656	5
127656	6
12766	1
12766	2
12766	3
12766	4
12766	5
12766	6
12766	7
127662	1
127662	2
127666	1
127666	2
127666	3
127666	4
127666	5
127666	6
127666	7
127666	8
127668	1
127671	1
127671	2
127674	1
127674	2
127674	3
127674	4
127674	5
127674	6
127674	7
127674	8
127675	1
127675	2
127675	3
127675	4
127675	5
127675	6
127677	1
127677	2
127677	3
127680	1
127680	10
127680	11
127680	12
127680	2
127680	3
127680	4
127680	5
127680	6
127680	7
127680	8
127680	9
127681	1
127682	1
127682	10
127682	11
127682	12
127682	13
127682	14
127682	15
127682	16
127682	17
127682	18
127682	19
127682	2
127682	3
127682	4
127682	5
127682	6
127682	7
127682	8
127682	9
127683	1
127683	2
127683	3
127685	1
127685	2
127686	1
127686	2
127686	3
12769	1
12769	2
12769	3
127690	1
127691	1
127691	10
127691	11
127691	12
127691	13
127691	14
127691	15
127691	16
127691	17
127691	18
127691	19
127691	2
127691	20
127691	21
127691	22
127691	3
127691	4
127691	5
127691	6
127691	7
127691	8
127691	9
127692	1
127692	2
127692	3
127692	4
127694	1
127694	2
127694	3
127694	4
127694	5
127695	1
127695	2
127695	3
127695	4
127695	5
127695	6
127696	1
127696	3
127697	1
127697	2
1277	1
1277	2
1277	3
1277	4
1277	5
12770	2
12770	3
12770	4
12770	5
12770	6
12770	7
127702	1
127705	1
127705	10
127705	2
127705	3
127705	4
127705	5
127705	6
127705	7
127705	8
127705	9
127706	1
127706	2
127706	3
127706	4
127706	5
127706	6
127706	7
127706	8
127708	1
127708	2
127708	3
127708	4
127708	5
12771	1
12771	2
12771	3
12771	4
12771	5
12771	6
12771	7
127716	1
127717	1
127718	1
127718	2
127718	3
127718	4
127718	5
127718	6
127718	7
12772	1
12772	2
12772	3
12772	4
12772	5
12772	6
12772	7
127720	1
127720	2
127720	3
127720	4
127720	5
127721	1
127721	2
127721	3
127721	4
127721	5
127721	6
127722	1
127722	2
127722	3
127722	4
127724	1
127724	2
127724	3
127726	1
127726	2
127727	1
127727	2
127727	3
127727	4
127727	5
127727	6
127727	7
127728	1
127728	2
127728	3
127729	1
127729	2
127729	3
127729	4
127729	5
127729	6
127730	1
127730	2
127730	3
127730	4
127730	5
127730	6
127731	1
127731	2
127731	3
127731	4
127731	5
127731	6
127734	1
127734	2
127734	3
127734	4
127734	5
127734	6
127734	7
127734	8
127734	9
127735	1
127735	2
127735	3
127736	1
127736	10
127736	2
127736	3
127736	4
127736	5
127736	6
127736	7
127736	8
127736	9
127739	1
127739	2
127739	3
127739	4
127739	5
127739	6
127740	1
127740	2
127740	3
127740	4
127741	1
127741	2
127741	3
127741	4
127741	5
127741	6
127741	7
127741	8
127742	1
127743	1
127743	2
127743	3
127744	11
127744	12
127744	13
127744	14
127744	15
127744	2
127744	3
127744	4
127744	5
127744	6
127744	7
127745	1
127745	2
127745	3
12775	1
12775	2
12775	3
12775	4
127752	1
127752	2
127752	3
127752	4
127753	1
127753	2
127753	3
127753	4
127753	5
127753	6
127753	7
127753	8
127753	9
127756	1
127756	2
127756	3
127757	1
127757	2
127757	3
127757	4
127757	5
127757	6
127757	7
127757	8
127759	1
127759	2
127759	3
12776	1
12776	2
12776	3
12776	4
12776	5
127760	1
127760	2
127760	3
127761	1
127761	2
127761	3
127761	4
127761	5
127762	1
127762	2
127762	3
127763	1
127763	2
127764	1
127764	2
127764	3
127766	1
127766	10
127766	11
127766	12
127766	13
127766	14
127766	15
127766	16
127766	2
127766	3
127766	4
127766	5
127766	6
127766	7
127766	8
127766	9
127768	1
127768	2
127768	3
127768	4
127768	5
127769	1
127769	2
127769	3
127769	4
127772	1
127772	2
127772	3
127772	4
127772	5
127772	6
127772	7
127773	1
127773	2
127774	1
127774	2
127777	1
127777	2
127777	3
127777	4
127777	5
127777	6
127777	7
127778	1
127778	2
127778	3
127778	4
127778	5
127778	6
12778	1
12778	10
12778	11
12778	2
12778	3
12778	4
12778	6
12778	7
12778	8
12778	9
127782	1
127782	2
127782	3
127785	1
127785	2
127786	1
127786	2
127786	3
127786	4
127786	5
127786	6
12779	1
12779	10
12779	11
12779	12
12779	13
12779	14
12779	15
12779	16
12779	17
12779	18
12779	19
12779	2
12779	20
12779	21
12779	22
12779	23
12779	3
12779	4
12779	5
12779	6
12779	7
12779	8
12779	9
127790	1
127790	2
127790	3
127790	4
127794	1
127794	2
127795	1
127795	2
127795	3
127798	1
127798	2
127798	3
127798	4
127798	5
127798	6
127798	7
127799	1
127799	10
127799	2
127799	3
127799	4
127799	5
127799	6
127799	7
127799	8
127799	9
1278	1
1278	2
1278	3
1278	4
1278	5
1278	6
127801	1
127801	2
127801	3
127801	4
127802	1
127802	2
127802	3
127802	4
127802	5
127802	6
127802	7
127807	1
127807	2
127807	3
127807	4
127807	5
127807	6
127809	1
127809	2
127809	3
127809	4
127809	5
127809	6
127809	7
12781	1
12781	2
12781	3
127812	1
127812	10
127812	11
127812	2
127812	3
127812	4
127812	5
127812	6
127812	7
127812	8
127812	9
127814	1
127815	1
127815	2
127815	3
127815	4
12782	1
12782	2
127822	1
127822	2
127825	1
127826	1
127826	2
127826	3
127827	1
127827	10
127827	11
127827	2
127827	3
127827	4
127827	5
127827	6
127827	7
127827	8
127827	9
12783	1
127833	1
127833	2
127833	3
127833	4
127833	5
127833	6
127834	1
127834	2
127834	3
127834	4
127834	5
127834	6
127834	7
127834	8
127835	1
127835	2
127838	1
127838	2
127838	3
127838	4
127838	5
12784	1
12784	2
12784	3
12784	4
12784	5
127841	1
127841	10
127841	11
127841	12
127841	13
127841	14
127841	15
127841	16
127841	17
127841	2
127841	3
127841	4
127841	5
127841	6
127841	7
127841	8
127841	9
127842	1
127842	2
127842	3
127843	1
127843	10
127843	11
127843	2
127843	3
127843	4
127843	5
127843	6
127843	7
127843	8
127843	9
127847	1
127847	2
127847	3
127848	1
127848	10
127848	11
127848	12
127848	13
127848	14
127848	15
127848	2
127848	3
127848	4
127848	5
127848	6
127848	7
127848	8
127848	9
12785	1
127852	1
127852	2
127853	1
127854	1
127854	2
127854	3
127854	4
127854	5
127854	6
127854	7
127855	1
127855	2
127855	3
127855	4
127856	1
127856	2
127856	3
127856	4
127856	5
127856	6
127856	7
127856	8
127857	1
127857	2
127857	3
127857	4
127857	5
127858	1
127859	1
127859	2
127859	3
127859	4
127859	5
127859	6
12786	1
127866	1
127866	2
127866	3
127866	4
127866	5
127866	6
127866	7
127866	8
127867	1
127867	2
127867	3
127867	4
127867	5
127867	6
127867	7
127869	1
127869	2
127869	3
127869	4
127869	5
12787	1
12787	2
12787	3
127870	1
127870	2
127870	3
127870	4
127870	5
127870	6
127870	7
127876	1
127876	2
127876	3
127876	4
127876	5
127876	6
127879	1
127879	2
127879	3
127879	4
12788	1
12788	2
127880	3
127883	1
127883	2
127883	3
127888	1
127888	2
12789	1
12789	2
12789	3
12789	4
12789	5
127893	1
127893	2
127893	3
127893	4
127893	5
127893	6
127894	1
127894	2
127894	3
127894	4
127894	5
127894	6
127894	7
127894	8
127894	9
127896	1
127897	1
127897	2
127898	1
127898	2
127898	3
127898	4
127903	1
127903	2
127904	1
127904	2
127904	3
127904	4
127904	5
127904	6
127905	1
127905	10
127905	11
127905	12
127905	13
127905	14
127905	2
127905	3
127905	4
127905	5
127905	6
127905	7
127905	8
127905	9
127906	1
127906	2
127906	3
127906	4
127906	5
127906	6
127906	7
127907	1
127907	2
127911	1
127912	1
127912	10
127912	11
127912	12
127912	13
127912	14
127912	15
127912	16
127912	17
127912	2
127912	3
127912	4
127912	5
127912	6
127912	7
127912	8
127912	9
127913	1
127913	2
127913	3
127913	4
127914	1
127914	2
127914	3
127914	4
127914	5
127915	1
127915	2
127915	3
127915	4
127918	1
127918	2
127918	3
127918	4
127919	1
127919	2
127919	3
127919	4
127919	5
127919	6
12792	1
12792	2
127920	1
127920	2
127920	3
127920	4
127921	1
127921	2
127921	3
127921	4
127921	5
127922	1
127923	1
127923	2
127923	3
127926	1
127926	10
127926	2
127926	3
127926	4
127926	5
127926	6
127926	7
127926	8
127926	9
127927	1
127927	2
127927	3
127927	4
127928	1
127928	2
127928	3
127928	4
127931	1
127931	2
127932	1
127933	2
127934	1
127934	2
127934	3
127934	4
127935	1
127935	2
127935	3
127935	4
127935	5
127935	6
127938	1
127938	2
127938	3
127938	4
127938	5
127939	1
127939	2
127939	3
127939	4
12794	1
12794	2
127940	1
127945	1
127945	2
127945	3
127946	1
12795	1
12795	10
12795	11
12795	12
12795	13
12795	2
12795	3
12795	4
12795	5
12795	6
12795	7
12795	8
12795	9
127952	1
127952	2
127952	3
127952	4
127953	1
127953	2
127954	1
127954	2
127954	3
127954	4
127954	5
127954	6
127954	7
127954	8
127955	1
127955	2
127958	1
127958	2
127958	3
127959	1
127959	10
127959	11
127959	12
127959	13
127959	14
127959	15
127959	16
127959	17
127959	2
127959	3
127959	4
127959	5
127959	6
127959	7
127959	8
127959	9
127960	1
127960	10
127960	11
127960	12
127960	2
127960	3
127960	4
127960	5
127960	6
127960	7
127960	8
127960	9
127961	1
127963	1
127963	2
127963	3
127963	4
127964	1
127964	2
127965	1
127965	3
127969	1
127969	2
127969	3
127969	4
12797	1
12797	2
12797	3
12797	4
127970	1
127970	2
127970	3
127970	4
127970	5
127970	6
127974	1
127974	2
127974	3
127974	4
127976	1
12798	1
12798	2
12798	3
12798	4
127980	1
127980	2
127980	3
127980	4
127980	5
127982	1
127982	2
127982	3
127982	4
127984	1
127984	10
127984	2
127984	3
127984	4
127984	5
127984	6
127984	7
127984	8
127984	9
127986	1
127986	2
127986	3
12799	1
12799	2
127990	1
127991	1
127991	2
127991	3
127992	1
127992	10
127992	11
127992	2
127992	3
127992	4
127992	5
127992	6
127992	7
127992	8
127992	9
127996	1
127996	10
127996	11
127996	2
127996	3
127996	4
127996	5
127996	6
127996	7
127996	8
127996	9
127997	1
128	2
128	3
128	4
1280	1
1280	2
1280	3
1280	4
1280	5
1280	6
1280	7
12800	1
12800	10
12800	11
12800	2
12800	3
12800	4
12800	5
12800	6
12800	7
12800	8
12800	9
128000	1
128000	2
128000	3
128001	1
128001	2
128001	3
128001	4
128001	5
128001	6
128001	7
128004	1
128004	2
128004	3
128004	4
128004	5
128004	6
128005	1
128005	2
128005	3
128005	4
128005	5
128008	1
128008	2
128008	3
128008	4
128008	5
128008	6
12801	1
12801	2
128012	1
128012	2
128012	3
128012	4
128012	5
128012	6
128013	1
128013	2
128014	1
128014	2
128014	3
128014	4
128014	5
128014	6
128014	7
128017	1
128017	2
128017	3
128017	4
128017	5
128017	6
128018	1
128018	2
128018	3
128018	4
128018	5
12802	1
12802	2
12802	3
12802	4
12802	5
12802	6
128021	1
128021	2
128021	3
128021	4
128021	5
128021	6
128021	7
128021	8
128021	9
128022	1
128022	2
128022	3
128023	1
128024	1
128024	2
128028	1
128028	2
128028	3
128028	4
12803	1
12803	2
128031	1
128031	2
128031	3
128031	4
128031	5
128031	6
128031	7
128031	8
128034	1
128034	2
128034	3
128034	4
128035	1
128035	2
128035	3
128035	4
128035	5
128035	6
128035	7
128036	1
128037	1
128038	1
128038	2
128038	3
128038	4
128039	1
128039	2
128039	3
12804	1
12804	2
128040	1
128041	1
128041	2
128041	3
128041	4
128041	5
128042	1
128042	2
128047	1
128047	2
128048	1
128048	2
128048	3
128048	4
128048	5
128049	1
128050	1
128053	1
128053	2
128053	3
128053	4
128053	5
128053	6
128053	7
128053	8
128056	1
128056	2
128056	3
128056	4
128056	5
128056	6
128056	7
128056	8
128056	9
128057	1
128057	2
128057	3
128057	5
12806	2
12806	3
128072	1
128072	2
128072	3
128072	4
128073	1
128073	2
128073	3
128075	1
128075	2
128075	3
128076	1
128078	1
128078	2
128078	3
128078	4
128078	5
128079	1
12808	1
12808	10
12808	11
12808	12
12808	13
12808	2
12808	3
12808	4
12808	5
12808	6
12808	7
12808	8
12808	9
128080	1
128080	2
128080	3
128080	4
128080	5
128082	1
12809	1
12809	10
12809	2
12809	3
12809	4
12809	5
12809	6
12809	7
12809	8
12809	9
128091	1
128091	2
128091	3
128091	4
128091	5
128091	6
128095	1
128095	2
128095	3
128095	4
128095	5
128095	6
128097	1
128097	2
128097	3
128097	4
128097	5
128097	6
128099	1
1281	1
1281	2
128101	1
128101	2
128103	1
128103	2
128103	3
128103	4
128103	5
128103	6
128103	7
128105	4
128105	5
128105	6
128106	1
128113	1
128113	2
128114	1
128114	2
12812	1
12812	2
12812	3
12812	4
12812	5
12812	6
12812	7
12812	8
12813	1
12813	2
12813	3
12813	4
128132	1
128132	2
128132	3
128133	1
128133	2
128133	3
128133	4
128134	1
128134	2
128134	3
128134	4
128134	5
128134	6
128135	1
128135	2
128136	1
128136	2
128136	3
128136	4
128136	5
128136	6
128136	7
128136	8
128137	1
12814	1
12814	2
128140	1
128140	10
128140	11
128140	2
128140	3
128140	4
128140	5
128140	6
128140	7
128140	8
128140	9
128141	1
128141	2
128141	3
128141	4
128141	5
128142	1
128142	2
128142	3
128142	4
128142	5
128142	6
128143	1
128143	2
128143	3
128143	4
128143	5
128143	6
128143	7
128146	1
128146	2
128146	3
128146	4
128147	1
128147	2
128147	3
128148	1
128148	2
128148	3
128148	4
128152	1
128152	2
128152	3
128152	4
12816	1
12816	2
12816	3
12816	4
128164	1
128165	1
12817	1
12817	2
128171	1
128171	2
128171	3
128171	4
128171	5
128171	6
128173	1
128173	2
128173	3
128173	4
128174	1
128174	2
128174	3
128174	4
128174	5
128174	6
128174	7
128174	8
128174	9
128177	1
128177	2
128178	1
128178	2
128178	3
128178	4
128178	5
128180	1
128183	1
128183	2
128183	3
128183	4
128184	1
128185	1
128185	2
128185	3
128185	4
128185	5
128185	6
128185	7
128190	1
128190	2
128190	3
128190	4
128190	5
128190	6
128195	1
128195	10
128195	2
128195	3
128195	4
128195	5
128195	6
128195	7
128195	8
128195	9
128196	1
128196	2
128196	3
128197	1
128197	2
1282	1
1282	2
1282	3
128201	1
128205	1
128205	2
128208	1
128208	2
128208	3
128208	4
128209	1
128209	2
128214	1
128214	2
128214	3
128214	4
128215	1
128215	10
128215	11
128215	12
128215	13
128215	14
128215	15
128215	2
128215	3
128215	4
128215	5
128215	6
128215	7
128215	8
128215	9
128218	1
128218	2
128218	3
128218	4
128218	5
128218	6
128218	7
128222	1
128222	2
128222	3
128222	4
128222	5
128222	6
128224	1
128225	1
128225	2
128225	3
128225	4
128225	5
128229	1
128230	1
128234	1
128234	2
128234	3
128238	1
128238	10
128238	11
128238	12
128238	13
128238	14
128238	15
128238	16
128238	17
128238	18
128238	19
128238	2
128238	20
128238	21
128238	22
128238	23
128238	24
128238	25
128238	26
128238	27
128238	28
128238	3
128238	4
128238	5
128238	6
128238	7
128238	8
128238	9
12824	1
12824	2
12824	3
12824	4
128243	1
128246	1
128246	2
128246	3
128246	4
128248	1
128248	2
12825	1
128250	1
128250	2
128251	1
128251	2
128251	3
128252	1
128252	2
128252	3
128252	4
12826	1
12826	10
12826	2
12826	3
12826	4
12826	5
12826	6
12826	7
12826	8
12826	9
128263	1
128263	2
128264	1
128264	2
128264	3
128264	4
128264	5
128265	1
128265	2
128265	3
128266	1
128266	10
128266	11
128266	14
128266	2
128266	3
128266	4
128266	5
128266	6
128266	7
128266	8
128266	9
128268	1
128268	2
128268	3
12827	1
12827	2
12827	3
12827	4
12827	5
12827	6
128272	1
128272	2
128272	3
128272	4
128272	5
128272	6
128273	1
128273	10
128273	11
128273	12
128273	2
128273	3
128273	4
128273	5
128273	6
128273	7
128273	8
128273	9
128275	1
128275	2
128275	3
128275	4
128275	5
128276	1
128276	2
128279	1
128279	2
128279	3
12828	1
12828	2
12828	3
128282	1
128282	2
128282	3
128282	4
128282	5
128282	6
128282	7
128283	1
128283	2
128283	3
128283	4
128284	1
128284	2
128284	3
128284	4
128286	1
128286	2
128286	3
128287	1
128287	2
128288	1
128288	2
128288	3
128289	1
128289	2
128289	3
12829	1
12829	2
128295	1
128295	2
128295	3
128295	4
128296	1
128296	2
128296	3
128296	4
128296	5
128296	6
128296	7
128296	8
128296	9
128297	1
128297	2
128297	3
128297	4
128299	1
128299	2
128299	3
128299	4
128299	5
128299	6
1283	1
1283	10
1283	11
1283	12
1283	13
1283	14
1283	15
1283	16
1283	17
1283	18
1283	19
1283	2
1283	20
1283	21
1283	22
1283	23
1283	24
1283	25
1283	26
1283	27
1283	28
1283	29
1283	3
1283	30
1283	31
1283	32
1283	33
1283	34
1283	35
1283	36
1283	4
1283	5
1283	6
1283	7
1283	8
1283	9
12830	1
12830	2
12830	3
12830	4
12830	5
12830	6
128301	1
128301	2
128301	3
128301	4
128302	1
128302	10
128302	2
128302	3
128302	4
128302	5
128302	6
128302	8
128302	9
128303	1
128303	2
128303	3
128303	4
128304	1
128304	2
128304	3
128304	4
128304	5
128304	6
128304	7
128305	1
128305	2
128305	3
128305	4
128305	5
128305	6
128305	7
128305	8
128312	1
128313	1
128313	2
128313	3
128313	4
128313	5
128313	6
128313	7
128313	8
128313	9
128316	1
128316	2
128316	3
128316	4
128316	5
128316	6
128317	1
128317	2
128317	3
12832	1
12832	2
128321	1
128321	2
128321	3
128322	1
128322	2
128327	1
128327	2
128327	3
128327	4
128327	5
128327	6
128327	7
128328	1
128328	2
128328	3
128328	4
128328	5
128328	6
128328	7
128330	1
128330	2
128330	3
128330	4
128330	5
128330	6
128330	7
128332	1
128332	2
128332	3
128334	1
128334	2
128335	1
128335	2
128335	3
128336	1
128336	2
128341	1
128341	2
128341	3
128345	1
128345	10
128345	11
128345	12
128345	2
128345	3
128345	4
128345	5
128345	6
128345	7
128345	8
128345	9
128346	1
128346	10
128346	11
128346	12
128346	13
128346	14
128346	15
128346	16
128346	17
128346	18
128346	19
128346	2
128346	20
128346	21
128346	22
128346	3
128346	4
128346	5
128346	6
128346	7
128346	8
128346	9
128347	1
128347	2
128347	3
128347	4
128347	5
128347	6
128347	7
128347	8
128348	1
128348	2
128348	3
128348	4
128348	5
128349	1
128349	2
128349	3
128350	1
128350	2
128350	3
128350	4
128350	5
128352	1
128352	2
128352	3
128352	4
128352	5
128352	6
128354	1
128354	2
128354	3
128354	4
128354	5
128354	6
128354	7
128354	8
128354	9
128357	1
12836	1
12836	2
12836	3
128361	1
128361	2
128362	1
128362	2
128365	1
128365	2
128369	1
12837	1
12837	2
12837	3
12837	4
12837	5
12837	6
12837	7
12837	8
12837	9
128375	1
128375	2
128375	3
128375	4
128375	5
128376	1
128376	2
128376	3
128378	1
128378	2
128378	3
128378	4
128378	5
128378	6
128378	7
128378	8
128379	1
128379	2
128379	3
128380	1
128380	2
128380	3
128380	4
128381	1
128381	2
128381	3
128381	4
128382	1
128382	2
128382	3
128383	1
128383	2
128383	3
128383	4
128384	1
128384	2
128384	3
128384	4
128384	5
128385	1
128385	2
128385	3
128385	4
128386	1
128386	2
128386	3
128386	4
128387	1
128388	1
128388	10
128388	2
128388	3
128388	4
128388	5
128388	6
128388	7
128388	8
128388	9
128389	1
128389	2
128389	3
128389	4
128390	1
128390	2
128390	3
128390	4
128390	5
128390	6
128396	1
128396	10
128396	11
128396	12
128396	13
128396	14
128396	15
128396	16
128396	2
128396	3
128396	4
128396	5
128396	6
128396	7
128396	8
128396	9
128398	1
128399	1
128399	2
128399	3
128399	4
128399	5
128399	6
128399	7
128399	8
1284	1
12840	1
12840	2
12840	3
12840	4
12840	5
12840	6
128403	1
128403	2
128403	3
128403	4
128403	5
128403	6
128403	7
128404	1
128404	2
128405	1
128405	2
128405	3
128405	4
128406	1
128406	2
128406	3
128406	4
128406	5
12841	1
12841	2
12841	3
12841	4
12841	5
12841	6
128413	1
128413	2
128413	3
128413	4
128413	5
128415	1
128415	2
128415	3
128415	4
128415	5
128415	6
128417	1
128418	1
128418	10
128418	11
128418	12
128418	13
128418	14
128418	15
128418	2
128418	3
128418	4
128418	5
128418	6
128418	7
128418	8
128418	9
12842	1
12842	2
12842	3
12842	4
128422	1
128422	2
128422	3
128422	4
128423	1
128423	2
128423	3
128423	4
128423	5
128423	6
128423	7
128425	10
128425	2
128425	3
128425	5
128425	6
128426	1
128426	2
128426	3
128426	4
128426	5
128427	1
128427	2
128428	1
128429	1
128429	2
128429	3
128429	4
128429	5
128429	6
128429	7
128429	8
128432	1
128433	1
128433	2
128433	3
128433	4
128433	5
128433	6
128434	1
128434	2
128434	3
128434	4
128434	5
128434	6
128434	7
128434	8
128437	1
128438	1
128438	2
128438	3
128438	4
128438	5
128438	6
12844	1
12844	2
12844	3
128440	1
128440	2
128441	1
128441	2
128441	3
128441	4
128441	5
128441	6
128442	1
128442	2
128442	3
128442	4
128447	1
128447	2
128449	1
128449	2
128449	3
128449	4
128449	5
128449	6
12845	1
12845	2
12845	3
12845	4
12845	5
128450	1
128450	2
128450	3
128450	4
128450	5
128450	6
128455	1
128455	2
128455	3
128455	4
128455	5
128455	6
128456	1
128456	2
128456	3
128456	4
128458	1
128458	2
12846	1
12846	2
128461	1
128461	2
128461	3
128461	4
128466	1
128466	2
128466	3
128466	4
128466	5
128468	1
128468	10
128468	2
128468	3
128468	4
128468	5
128468	6
128468	7
128468	8
128468	9
128469	1
128469	2
128469	3
128469	4
128470	1
128470	2
128470	3
128470	4
128470	5
128470	6
128471	1
128471	2
128476	1
128476	2
128476	3
128476	4
128477	1
128477	2
128477	3
128477	4
128478	1
128478	2
128478	3
128479	1
128479	2
128479	3
128479	4
12848	1
12848	10
12848	11
12848	12
12848	13
12848	2
12848	3
12848	4
12848	5
12848	6
12848	7
12848	8
12848	9
128480	1
128480	2
128480	3
128485	1
128485	2
128485	3
128485	4
128485	5
128485	6
128488	1
128488	2
128488	3
128488	4
128488	5
128488	6
128488	7
128488	8
128488	9
128490	1
128493	1
128493	2
128493	3
1285	1
1285	2
1285	3
1285	4
1285	5
1285	6
1285	7
12850	1
128500	1
128501	1
128501	2
128501	3
128501	4
128501	5
128502	1
128502	2
128502	3
128502	4
128502	5
128502	6
128503	1
128503	2
128503	3
128504	1
128504	2
128507	1
128510	1
128510	2
128519	1
128519	2
128519	3
128520	1
128520	2
128520	3
128526	1
128526	10
128526	2
128526	3
128526	4
128526	5
128526	6
128526	7
128526	8
128526	9
128528	1
128528	2
128528	3
128528	4
128530	1
128530	2
128530	3
128530	4
128530	5
128532	1
128532	2
128532	4
128532	5
128532	6
128533	1
128533	2
128533	3
128533	4
128535	1
128535	2
128538	1
128541	1
128541	2
128541	3
128541	4
128541	5
128541	6
128541	7
128542	1
128542	2
128543	1
128543	2
128543	3
128543	4
128543	5
128545	1
128545	2
128545	3
128545	4
128549	1
128549	10
128549	11
128549	12
128549	13
128549	2
128549	3
128549	4
128549	5
128549	6
128549	7
128549	8
128549	9
128550	1
128550	2
128550	3
128550	4
128550	5
128550	6
128556	1
128556	2
128556	3
128557	1
128558	1
128558	2
128560	1
128562	1
128562	10
128562	2
128562	3
128562	4
128562	5
128562	6
128562	7
128562	8
128562	9
128563	1
128563	2
128563	3
128563	4
128564	1
128564	2
128564	3
128564	4
128564	5
128564	6
128564	7
128565	1
128565	2
128565	3
128568	1
128568	2
128569	1
128569	2
128569	3
12857	1
12857	2
12857	3
12857	4
12857	5
12857	6
12857	7
12857	8
128570	1
128570	2
128570	3
128573	1
128573	2
128573	3
128576	1
128576	2
128576	4
128576	5
128577	1
128577	2
128577	3
128578	1
128578	2
128579	1
128579	2
128579	3
128579	4
128579	5
12858	1
12858	2
12858	3
128580	1
128585	1
128585	2
128585	3
128585	4
128585	5
128585	6
128585	7
128586	1
128586	2
128590	1
128590	2
128590	3
128590	4
128590	5
128594	1
128594	2
128594	3
128594	4
128595	1
128595	2
128595	3
128597	1
1286	2
1286	3
1286	4
1286	5
1286	6
128600	1
128600	2
128601	1
128601	2
128601	3
128601	4
128601	5
128601	6
128602	1
128602	10
128602	11
128602	12
128602	13
128602	14
128602	15
128602	16
128602	17
128602	18
128602	19
128602	2
128602	20
128602	21
128602	22
128602	23
128602	24
128602	25
128602	26
128602	27
128602	28
128602	29
128602	3
128602	30
128602	31
128602	32
128602	33
128602	34
128602	35
128602	36
128602	37
128602	38
128602	39
128602	4
128602	40
128602	41
128602	42
128602	43
128602	44
128602	45
128602	46
128602	47
128602	5
128602	6
128602	7
128602	8
128602	9
128603	1
128603	10
128603	11
128603	12
128603	13
128603	14
128603	15
128603	16
128603	17
128603	18
128603	19
128603	2
128603	20
128603	21
128603	22
128603	23
128603	24
128603	25
128603	26
128603	27
128603	28
128603	29
128603	3
128603	4
128603	5
128603	6
128603	7
128603	8
128603	9
128604	1
128604	2
128608	1
128608	2
128608	3
128608	4
12861	1
12861	11
12861	12
12861	13
12861	14
12861	2
12861	3
12861	4
12861	5
12861	6
12861	7
12861	8
12861	9
128613	1
128613	2
128613	3
128613	4
128614	1
128614	2
128616	1
128616	2
128616	3
128616	4
128616	5
128616	6
128616	7
128616	8
128616	9
128618	1
128618	10
128618	2
128618	3
128618	4
128618	5
128618	6
128618	7
128618	8
128618	9
128628	1
12863	1
12863	2
128630	1
128630	2
128631	1
128631	2
128631	3
128631	4
128633	1
128633	2
128633	3
128633	4
128633	5
128633	6
128634	1
128634	2
128634	3
128639	1
128639	2
128639	3
128639	4
128639	5
12864	1
12864	2
12864	3
128641	1
128641	2
128641	3
128642	1
128642	2
128646	1
128646	2
128646	3
128646	4
128647	1
128647	2
128647	3
128647	4
128647	5
128647	6
128647	7
128647	8
128647	9
128648	1
128648	2
128648	3
128648	4
128648	5
128648	6
128648	7
128649	1
12865	1
12865	2
12865	3
12865	4
12865	5
128651	1
128651	2
128651	3
128651	4
128651	5
128651	6
128651	7
128654	1
128654	2
128654	3
128654	4
128654	5
128654	6
128654	7
128654	8
128654	9
128656	1
128656	2
128656	3
128656	4
128656	5
128656	6
128656	7
128657	1
128657	2
128657	3
128657	4
128658	1
128658	2
128659	1
128659	2
128659	3
128659	4
128659	5
128659	6
128659	7
128660	1
128660	2
128660	3
128660	4
128669	1
128669	2
128669	3
128669	4
128669	5
128669	6
12867	1
12867	2
12867	3
128671	1
128671	2
128671	3
128671	4
128673	1
128673	2
128673	3
128674	1
128677	1
128677	2
128677	3
128677	4
128677	5
128677	6
128677	7
128678	1
128678	2
128678	3
128678	4
128678	5
128678	6
128678	7
128678	8
128679	1
128679	2
128679	3
128679	4
12868	1
12868	2
128683	1
128683	2
128683	3
128684	1
128688	1
128689	1
128689	2
128689	3
128689	4
128689	5
128689	6
128690	1
128690	2
128690	3
128690	4
128690	5
128690	6
128690	7
128690	8
128693	2
128693	3
128693	4
128698	1
128698	2
128698	3
128698	4
128698	5
128698	6
12870	1
12870	2
12870	3
12870	4
12870	5
128705	1
128705	2
128708	1
12871	1
12871	2
12871	3
12871	4
12871	5
128710	1
128710	2
128710	3
128710	4
128710	5
128710	6
128711	1
128711	2
128711	3
128711	4
128712	1
128712	2
128712	3
128712	4
128712	5
128712	6
128712	7
128712	8
128714	1
128714	2
128714	3
128714	4
128714	5
128717	1
128717	2
128717	3
128717	4
128718	1
128719	1
128719	2
12872	1
12872	2
128720	1
128720	2
128720	3
128720	4
128720	5
128720	6
128720	7
128720	8
128722	1
128722	2
128723	1
12873	1
12873	2
12873	3
12873	4
12873	5
12873	6
12873	7
12873	8
12873	9
128730	1
128730	2
128730	3
128730	4
128731	1
128731	2
128731	3
128733	1
128733	2
128733	3
128733	4
128733	5
128733	6
128734	1
128734	2
128735	1
128735	2
128736	1
128736	2
128737	1
128737	2
128738	1
128738	2
128738	3
128738	4
128739	1
128739	2
128739	3
128739	4
128739	5
128739	6
128739	7
128739	8
12874	1
12874	2
128743	1
128743	2
128747	1
128747	2
128747	3
128747	4
128747	5
128747	6
128747	7
128748	1
128748	2
128749	1
128749	2
128749	3
128750	1
128750	2
128750	3
128750	4
128750	5
128750	6
128751	1
128751	2
128751	3
128751	4
128751	5
128751	6
128751	7
128756	1
128756	2
128757	1
128757	2
128757	3
128761	1
128761	2
128761	3
128761	4
128761	5
128761	6
128761	7
128761	8
128764	1
128764	2
128764	3
128764	4
12877	1
128776	1
128776	2
128776	3
128777	1
128778	1
128778	2
128779	1
128779	2
12878	1
12878	2
12878	3
128780	1
128780	2
128780	3
128780	4
128780	5
128781	1
128781	2
128781	3
128784	1
128784	2
128784	3
128785	1
128785	10
128785	2
128785	3
128785	4
128785	5
128785	6
128785	7
128785	8
128785	9
128786	1
128786	2
128786	3
128788	1
128792	1
128792	2
128792	3
128792	4
128792	5
128792	6
128792	7
128794	1
128794	2
128794	3
128794	4
128801	1
128801	2
128801	3
128801	4
128801	5
128801	6
128801	7
128801	8
128801	9
128805	1
12881	1
12881	2
128811	1
128811	2
128811	3
128811	4
128812	1
128812	2
128812	3
128812	4
128818	1
128818	2
128818	3
128819	1
128819	2
12882	1
12882	2
12882	3
12882	4
128825	1
128825	2
128825	3
128825	4
128825	5
128825	6
128828	1
128828	2
128828	3
128828	4
12883	1
12883	2
12883	4
128832	1
128832	2
128832	3
128832	4
128833	1
128833	2
128833	3
128833	4
128835	1
128835	2
128835	3
128835	4
128836	1
128836	2
128838	1
128838	2
12884	1
12884	2
128841	1
128841	2
128841	3
128846	1
128846	2
128846	3
128846	4
128846	5
128846	6
128848	1
128848	2
128849	1
128849	2
12885	1
12885	2
12885	3
12885	4
128850	1
128850	2
128850	3
128850	4
128851	1
128851	2
128856	1
128856	2
128856	3
128856	4
128856	5
128856	6
128859	1
128859	2
128859	3
12886	1
12886	2
12886	3
12886	4
12886	5
128863	1
128863	10
128863	11
128863	12
128863	13
128863	14
128863	2
128863	3
128863	4
128863	5
128863	6
128863	7
128863	8
128863	9
128865	1
128865	2
128865	3
128870	1
128870	2
128870	3
128872	1
128872	2
128872	3
128872	4
128873	1
128873	2
128873	3
128873	4
128873	5
128874	1
128876	1
128876	2
128876	3
128876	4
128876	5
128876	6
128876	7
128876	8
12888	1
128880	1
128880	2
128889	1
128889	2
128890	1
128890	2
128890	3
128890	4
128894	1
128898	1
128898	2
128899	1
12890	1
12890	2
12890	3
12890	4
12890	5
12890	6
12890	7
12890	8
128902	1
128902	2
128902	3
128904	1
128905	1
128905	2
128905	3
128905	4
128907	1
128909	1
128909	2
128909	3
128909	4
128909	5
128910	1
128910	2
128911	1
128911	2
128911	3
128911	4
128911	5
128911	6
128911	7
128916	1
128916	2
128920	1
128920	2
128920	3
128920	4
128922	1
128922	2
128922	3
128923	1
128923	2
128923	3
128925	1
128925	2
128925	3
128927	1
128927	2
128928	4
128928	5
128929	1
128929	2
128936	1
128936	2
128936	3
128936	4
128936	5
128936	6
128936	7
128936	8
128938	1
128939	1
128939	2
128939	3
128939	4
128940	3
128940	4
128940	5
128942	1
128942	2
128942	3
128942	4
128942	5
128942	6
128942	7
128943	1
128943	2
128948	1
128948	2
128948	3
128949	1
128949	10
128949	11
128949	12
128949	13
128949	14
128949	2
128949	3
128949	4
128949	5
128949	6
128949	7
128949	8
128949	9
12895	1
12895	2
128950	1
128950	10
128950	11
128950	12
128950	2
128950	3
128950	4
128950	5
128950	6
128950	7
128950	8
128950	9
128954	1
128954	2
128954	3
128954	4
128954	5
128954	6
128955	1
128955	2
128955	3
128956	1
128956	2
128956	3
128959	1
128959	2
128959	3
128959	4
128959	5
12896	1
128962	1
128962	2
128962	3
128962	4
128962	5
128962	6
128963	1
128963	10
128963	11
128963	12
128963	13
128963	14
128963	15
128963	2
128963	3
128963	4
128963	5
128963	6
128963	7
128963	8
128963	9
128964	1
128964	2
128964	3
128965	1
128965	10
128965	11
128965	12
128965	13
128965	14
128965	15
128965	16
128965	17
128965	18
128965	19
128965	2
128965	20
128965	21
128965	22
128965	23
128965	3
128965	4
128965	5
128965	6
128965	7
128965	8
128965	9
128966	1
128968	1
128968	2
128968	3
128968	4
128968	5
128968	6
128968	7
128968	8
128968	9
128969	1
128969	2
128969	3
128969	4
12897	1
12897	2
12897	3
12897	4
12897	5
12897	6
128972	1
128972	2
128972	3
128972	4
128975	1
128975	2
128975	3
128977	1
128977	2
128977	3
128977	4
128977	5
128977	6
128977	7
12898	1
12898	2
128980	1
128980	2
128980	3
128981	1
128981	2
128981	3
128982	1
128982	2
128982	3
128982	4
128982	5
128986	1
128986	2
128986	3
128986	4
12899	1
12899	10
12899	11
12899	12
12899	2
12899	3
12899	4
12899	5
12899	6
12899	7
12899	8
12899	9
128990	1
128990	2
128992	1
128992	10
128992	11
128992	12
128992	13
128992	14
128992	2
128992	3
128992	4
128992	5
128992	6
128992	7
128992	8
128992	9
128995	1
128995	2
128995	3
128995	4
128995	5
128995	6
128995	7
128995	8
128996	1
128997	1
128998	1
128998	2
128998	3
128999	1
128999	2
129	1
129	2
129	3
129	4
1290	1
1290	2
1290	3
1290	4
12900	1
12900	2
129000	1
129000	2
129001	1
129001	2
129001	3
129001	4
129008	1
129008	2
129008	3
129008	4
129008	5
129008	6
129009	1
129009	2
129009	3
129009	4
129009	5
129010	1
129010	2
129010	3
129010	4
129013	1
129013	2
129013	3
129013	4
129013	5
129013	6
129013	7
129013	8
129015	1
129015	2
129016	1
129016	2
129018	1
129018	2
129018	3
129019	1
129019	2
129019	3
129019	4
129019	5
129019	6
12902	1
12902	2
12902	3
129020	1
129020	2
129021	1
129021	2
129045	1
129045	10
129045	11
129045	12
129045	13
129045	14
129045	15
129045	16
129045	17
129045	2
129045	3
129045	4
129045	5
129045	6
129045	7
129045	8
129045	9
129063	1
129063	2
12907	1
12907	2
12907	3
12909	1
12909	2
12909	3
12909	4
12910	3
12910	4
12910	5
12910	6
12910	7
129102	1
129102	2
129102	3
129102	4
129102	5
12911	1
12912	1
12912	2
12912	3
12912	4
12913	1
12913	2
12913	3
12913	4
12913	5
12914	1
12914	10
12914	11
12914	12
12914	13
12914	14
12914	2
12914	3
12914	4
12914	5
12914	8
12914	9
129142	1
129142	2
129143	1
129143	2
129143	3
129143	4
129143	5
129143	6
129145	1
129145	2
129145	3
129145	4
129145	5
129145	6
129147	1
129147	2
129147	3
129147	4
129147	5
129147	6
129147	7
12915	1
12915	2
12915	4
12915	5
12915	6
12915	7
129151	1
129151	2
129151	3
129151	4
129153	1
129153	2
129155	1
129155	2
129158	1
129158	2
129158	3
12916	1
129162	1
129162	2
129162	3
129162	4
129162	5
129162	6
129162	7
129168	1
129168	2
129168	3
129168	4
12917	1
12917	2
12917	3
12917	4
12918	1
12918	2
129182	1
129182	2
129182	3
129183	1
129183	2
129183	3
129184	1
129185	1
129185	2
129185	3
129185	4
129185	5
129186	1
129186	2
129186	3
129186	4
12919	1
12919	2
129194	1
129195	1
129195	10
129195	11
129195	2
129195	3
129195	4
129195	5
129195	6
129195	7
129195	8
129195	9
129196	1
129196	10
129196	2
129196	3
129196	4
129196	5
129196	6
129196	7
129196	8
129196	9
129197	1
129197	2
129197	3
129197	4
129197	5
129198	1
129198	2
129198	3
129198	4
129198	5
129198	6
129199	1
129199	2
129199	3
1292	1
1292	2
12920	1
12920	2
12920	3
12920	4
129202	1
129202	2
129202	3
129202	4
129203	1
129203	2
129203	3
129203	4
129203	5
129203	6
129204	1
129204	2
12921	1
12921	2
12921	3
12921	4
12921	5
12921	6
12922	1
12922	2
12922	3
12922	4
12922	5
12922	6
129223	1
129223	2
129223	3
129223	4
129223	5
129225	1
129228	1
129228	2
129228	3
129228	4
129228	5
12923	1
12923	2
129231	1
129231	2
129231	3
129232	1
129232	2
129232	3
12924	1
12924	2
12924	3
129242	1
129242	2
129242	3
129242	4
129242	5
129242	6
12925	1
12925	2
12925	3
12926	1
129262	1
129262	10
129262	2
129262	3
129262	4
129262	5
129262	6
129262	7
129262	8
129262	9
129263	1
129263	2
129263	3
129263	4
129263	5
129264	1
129264	2
129264	3
129264	4
129264	5
129264	6
129264	7
129264	8
129264	9
12928	1
129283	1
129283	2
12929	1
12929	2
12929	3
12929	4
12929	5
12929	6
1293	1
1293	2
12930	1
12930	2
12930	3
12930	4
12930	5
129302	1
129302	2
129302	3
129302	4
129304	1
129304	2
129304	3
129304	4
129304	5
129307	1
129307	2
129307	3
129307	4
12931	1
12931	2
12931	3
12931	4
12931	5
12932	1
12932	2
12932	3
12932	4
12932	5
129322	1
129324	1
129324	2
129324	3
129324	4
129329	1
129329	2
129329	3
129329	4
129329	5
129329	6
12933	1
12933	2
129330	1
129330	2
129330	3
129330	4
129330	5
129330	6
129330	7
129342	1
12935	1
12935	2
12935	3
12935	4
12935	5
129362	1
129362	2
129362	3
129362	4
129362	5
12937	1
12937	2
12937	3
129385	1
129385	2
129385	3
129385	4
129385	5
129385	6
129387	1
129387	2
129387	3
129387	4
129387	5
129387	6
129387	7
12939	1
12939	2
1294	1
1294	2
1294	3
12940	1
12940	2
12940	3
12941	1
12941	2
12942	1
129424	1
129424	2
129424	3
129429	1
129442	1
129442	10
129442	11
129442	2
129442	3
129442	4
129442	5
129442	6
129442	7
129442	8
129442	9
12946	1
12946	2
12946	3
12946	4
12946	5
12946	6
129462	1
129462	10
129462	11
129462	12
129462	13
129462	14
129462	2
129462	3
129462	4
129462	5
129462	6
129462	7
129462	8
129462	9
12947	1
12947	2
12947	3
12948	1
12948	10
12948	11
12948	12
12948	13
12948	14
12948	15
12948	16
12948	17
12948	2
12948	3
12948	4
12948	5
12948	6
12948	7
12948	8
12948	9
129482	1
129485	1
129485	2
12949	1
12949	2
12949	3
1295	1
1295	2
1295	3
12950	1
129506	1
129506	2
129506	3
129506	4
129507	1
129507	2
129507	3
129509	1
129509	2
12951	1
12951	10
12951	11
12951	12
12951	13
12951	14
12951	15
12951	16
12951	17
12951	18
12951	19
12951	2
12951	3
12951	4
12951	5
12951	6
12951	7
12951	8
12951	9
129510	1
129510	2
12952	1
12952	2
129523	1
129523	2
129523	3
129524	1
12953	1
12953	2
12953	3
12953	4
12954	1
12954	2
129544	1
129544	10
129544	2
129544	3
129544	4
129544	5
129544	6
129544	7
129544	8
129544	9
129547	1
129547	2
129547	3
129547	4
129548	1
129548	2
129548	3
129548	4
12955	1
12955	10
12955	11
12955	2
12955	3
12955	4
12955	5
12955	6
12955	7
12955	8
12955	9
129562	1
129567	1
129567	2
129567	3
129567	4
129569	1
129569	2
129569	3
129569	4
129569	5
12957	1
12957	10
12957	11
12957	3
12957	4
12957	5
12957	6
12957	7
12957	8
12957	9
129570	1
129570	2
12959	1
12959	2
12959	3
1296	1
1296	2
1296	3
1296	4
12960	1
12960	2
12960	3
12960	4
12960	5
12961	1
12961	2
12961	3
12961	4
12961	5
12961	6
12961	7
12961	8
12961	9
129613	1
129613	2
129613	3
129613	4
129613	5
129613	6
129613	7
129613	8
12962	1
12962	10
12962	2
12962	3
12962	4
12962	5
12962	6
12962	7
12962	8
12962	9
129622	1
129622	2
129622	3
129622	4
129622	5
129622	6
129622	7
129623	1
129624	1
129624	2
129624	3
129624	4
12963	1
12963	2
12963	3
12963	4
12963	5
12964	1
12964	2
129644	1
129644	10
129644	11
129644	12
129644	2
129644	3
129644	4
129644	5
129644	6
129644	7
129644	8
129644	9
129649	1
129649	2
129650	1
129650	10
129650	11
129650	12
129650	2
129650	3
129650	4
129650	5
129650	6
129650	7
129650	8
129650	9
129652	1
129652	2
129652	3
129652	4
129652	5
129652	6
129652	7
129652	8
12966	1
12966	2
12966	3
129662	1
129662	2
129662	3
129664	1
129667	1
129667	2
129667	3
129667	4
129667	5
129667	6
129667	7
129667	8
129671	1
129671	2
129671	3
129672	1
129672	2
129672	3
129672	4
129672	5
129672	6
129672	7
129672	8
129673	1
129673	2
129673	3
129673	4
129679	1
129679	2
129679	3
129679	4
129679	5
12968	1
12968	2
12968	3
129681	1
129681	2
129681	3
129682	1
129682	2
129682	3
129682	4
12969	1
12969	2
12970	2
129702	1
129702	2
129702	3
129702	4
129702	5
129702	6
129702	7
129703	1
129703	2
129703	3
129705	1
129705	2
129705	3
129705	4
129705	5
129705	6
129705	7
129707	1
129707	2
129707	3
129707	4
129708	1
129708	2
129708	3
12971	1
12971	2
12971	3
12971	4
12971	5
12971	6
12971	7
129713	1
129713	2
12972	1
129722	1
129722	2
129722	3
129722	4
129722	5
129722	6
129722	7
129722	8
129724	1
129724	2
129726	1
129726	2
129726	3
129726	4
129726	5
129726	6
129726	7
129726	8
12973	1
129731	1
129731	2
12974	1
12974	10
12974	11
12974	12
12974	2
12974	3
12974	4
12974	5
12974	6
12974	7
12974	8
12974	9
129742	1
129742	2
129742	3
129742	4
129742	5
129742	6
129742	7
12975	1
12975	2
129754	1
129755	1
129755	2
129755	3
129755	4
129755	5
129756	1
129756	2
129756	3
12976	1
12976	2
129763	1
129763	10
129763	11
129763	2
129763	3
129763	4
129763	5
129763	6
129763	7
129763	8
129763	9
129767	1
129767	10
129767	11
129767	12
129767	2
129767	3
129767	4
129767	5
129767	6
129767	7
129767	8
129767	9
129768	1
129768	2
12977	1
12977	2
129770	1
129770	2
129770	3
129770	4
129770	5
129770	6
129771	1
129771	10
129771	11
129771	12
129771	13
129771	14
129771	15
129771	16
129771	17
129771	18
129771	19
129771	2
129771	20
129771	21
129771	22
129771	23
129771	24
129771	25
129771	26
129771	27
129771	28
129771	29
129771	3
129771	30
129771	4
129771	5
129771	6
129771	7
129771	8
129771	9
129775	1
129775	2
129775	3
129776	1
129776	2
129776	4
129776	5
129776	6
129778	1
129778	2
129778	3
129778	4
129778	5
129778	6
129778	7
12978	1
12978	2
12978	3
12978	4
12978	5
12978	6
12979	1
12979	2
12979	3
129793	1
129793	2
129793	3
129793	4
129794	1
129794	2
129794	3
129794	4
129794	5
129794	6
129795	1
129795	2
129795	3
129795	4
129795	5
129795	6
129795	7
129795	8
129795	9
1298	1
1298	2
1298	3
1298	4
12980	1
12980	2
12980	3
12981	1
12981	2
12981	3
12981	4
12981	5
12981	6
12981	7
12981	8
12981	9
12982	1
12982	2
129822	1
129822	2
129822	3
129823	1
129823	2
129823	3
129823	4
129824	1
129824	2
129825	1
129825	2
129825	3
129825	4
129825	5
129828	1
129828	2
12983	1
12983	3
12983	5
12983	7
129835	3
129835	4
129835	5
12984	1
12984	2
12984	3
129842	1
129842	2
12985	1
12985	2
12985	3
12986	1
12986	10
12986	11
12986	12
12986	13
12986	14
12986	15
12986	16
12986	17
12986	18
12986	19
12986	2
12986	20
12986	21
12986	22
12986	23
12986	24
12986	25
12986	26
12986	27
12986	28
12986	29
12986	3
12986	30
12986	4
12986	5
12986	6
12986	7
12986	9
129865	1
129865	2
129865	3
12987	1
12987	2
12987	3
12988	1
12988	2
129882	1
129882	2
129882	3
129882	4
129884	1
129884	2
12989	1
12990	1
12990	10
12990	11
12990	12
12990	2
12990	3
12990	4
12990	5
12990	6
12990	7
12990	8
12990	9
12991	1
129922	1
129922	2
129922	3
129922	4
129922	5
12994	1
12994	2
12994	3
12994	4
12994	5
12995	1
12995	2
12995	3
12995	4
12996	1
12996	2
12996	3
12996	4
12996	5
129962	1
129962	2
129962	3
129963	1
129963	2
129964	1
129964	2
129964	3
129964	4
129964	5
129964	6
129964	7
129964	8
129964	9
129965	1
129965	2
129965	3
12997	1
129971	1
129971	2
129972	1
129972	2
129972	3
129972	4
129975	1
129975	2
129975	3
129975	4
129975	5
129975	6
129975	7
129979	1
129979	2
129979	3
129979	4
12998	1
12998	2
129982	1
129982	2
129982	3
129982	4
129982	5
129984	1
129984	2
129984	3
129984	4
129985	1
129985	2
13	1
13	2
130	1
130	2
130	3
130	4
130	5
130	6
130	7
130	8
130	9
1300	1
1300	2
1300	3
130002	1
130002	2
130002	3
130002	4
130003	1
130003	2
130003	3
130003	4
130003	5
130004	1
130004	2
130004	3
130004	4
130004	5
130004	6
13001	1
13001	2
130018	1
130018	2
130018	3
130018	4
130018	5
130019	1
130019	2
130019	3
130019	4
130023	1
130023	2
130023	3
130023	4
130024	1
130024	2
130024	3
130024	4
130028	1
130028	2
130028	3
130028	4
130032	1
130032	2
130032	3
130032	4
130032	5
130033	1
13004	1
13004	2
13004	3
130043	1
130043	2
130043	3
130043	4
130043	5
130043	6
130043	7
13005	1
13006	1
13006	2
13006	3
130064	1
130064	2
130064	3
130064	4
130064	5
130064	6
130064	7
130065	1
130065	2
130068	1
130068	2
130074	1
130074	2
130074	3
130074	4
130083	1
130083	2
130083	3
130083	4
130083	5
130085	1
130085	2
130085	3
130085	4
130085	5
130085	6
13009	1
13009	2
13009	3
13009	4
13009	5
13009	6
1301	1
1301	2
1301	3
1301	4
1301	5
1301	6
13010	1
13010	2
13011	1
13011	2
13012	1
13012	2
130124	1
130124	2
130124	3
130124	4
13013	1
13013	2
13013	3
130130	1
130131	1
130134	1
130134	2
130134	3
130134	4
130134	5
130134	6
130135	1
130135	2
130135	3
130135	4
130135	5
130135	6
130136	1
130136	2
130136	3
130136	4
130136	5
130136	6
130136	7
130137	1
130137	2
130137	3
130137	4
130138	1
130138	2
130138	3
130138	4
130138	5
130162	1
130162	2
130162	3
130165	1
130165	2
130167	1
130167	2
130167	3
130167	4
130167	5
130169	1
130169	10
130169	11
130169	12
130169	2
130169	3
130169	4
130169	5
130169	6
130169	7
130169	8
130169	9
130170	1
130170	2
130170	3
130170	4
130170	5
130170	6
13018	1
13018	2
13018	3
130183	1
130183	2
130186	1
130188	1
130188	2
13019	1
13019	2
13019	3
13019	4
1302	2
1302	3
1302	4
1302	5
1302	6
1302	7
1302	8
1302	9
130202	1
130202	2
130202	3
130202	4
130202	5
130203	1
130203	2
130203	3
130203	4
130204	1
130204	2
130204	3
130204	4
130204	5
130204	6
130208	1
130208	2
130208	3
130208	4
130208	5
130208	6
130208	7
13021	1
13021	2
13022	1
13022	2
130222	1
130222	2
13023	1
13023	2
13024	1
13024	2
13024	3
130248	1
130248	2
130248	3
130249	1
13025	1
13025	2
13025	3
13025	4
13025	5
130250	1
130250	2
130250	3
130250	4
130250	5
130250	6
130251	1
130251	2
130251	3
130252	1
130252	2
130252	3
130252	4
130253	1
130253	10
130253	11
130253	2
130253	3
130253	4
130253	5
130253	6
130253	7
130253	8
130253	9
130254	1
130254	2
130254	3
130254	4
130254	5
130254	6
13026	1
130283	1
130283	2
130283	3
130285	1
130285	2
130285	3
130285	4
130285	5
130285	6
130285	7
130285	8
130285	9
130286	1
130286	2
130288	1
130288	2
13029	1
130293	1
130293	2
130293	3
130293	4
130293	5
130293	6
130293	7
130294	1
130294	2
130294	3
130295	1
130295	2
130296	1
130296	2
1303	1
1303	2
1303	3
1303	4
130300	1
130300	2
130300	3
130300	4
130301	1
130301	2
130301	3
130303	1
130303	2
130303	3
130303	4
130303	5
130303	6
130303	7
130303	8
130303	9
130305	1
130305	2
130305	3
130305	4
130305	5
130305	6
130322	1
130322	2
130322	3
130322	4
130322	5
130325	1
130325	2
130326	1
130326	2
130326	3
130326	4
130326	5
13033	1
13033	2
13033	3
130334	1
130334	2
130336	1
130336	2
130336	3
130339	1
130339	2
130339	3
130339	4
130339	5
130339	6
130339	7
130344	1
130344	3
130346	1
130346	2
130346	3
130346	4
130346	5
130348	1
130348	2
130348	3
13035	1
13035	2
13035	3
13035	4
13035	5
13035	6
13035	7
130351	1
130351	10
130351	11
130351	12
130351	2
130351	3
130351	4
130351	5
130351	6
130351	7
130351	8
130351	9
13036	1
13036	2
13036	3
13036	4
130362	1
130362	2
130364	1
130364	10
130364	11
130364	2
130364	3
130364	4
130364	5
130364	6
130364	7
130364	8
130364	9
130365	1
130365	2
130365	3
130365	4
130367	1
130367	2
130368	1
130368	2
130368	3
130368	4
130368	5
130369	1
130369	10
130369	11
130369	2
130369	3
130369	4
130369	5
130369	6
130369	7
130369	8
130369	9
13038	1
13038	2
13038	3
130385	1
130386	1
130386	2
130386	3
130386	4
130386	5
130386	6
130386	7
130386	8
1304	1
1304	2
1304	3
1304	4
1304	5
1304	6
1304	7
1304	8
130402	1
130402	2
130406	1
130406	2
130407	1
130407	2
130407	3
130407	4
130407	5
130417	1
130417	2
13042	1
13044	1
13044	2
13044	3
13044	4
13044	5
130442	1
130453	1
130453	2
130454	1
130454	2
130454	3
130454	4
130454	5
130454	6
13046	1
13046	2
13046	3
130465	1
130465	10
130465	11
130465	2
130465	3
130465	4
130465	5
130465	6
130465	7
130465	8
130465	9
130467	1
130467	2
130467	3
130467	4
130469	1
130469	2
13047	1
13047	2
13047	3
13047	4
13047	5
13047	6
13047	7
130470	1
130478	1
130478	2
130478	3
13048	1
13048	2
130484	1
130487	1
130487	2
130487	3
130489	1
130489	2
130495	1
130495	2
130495	3
13050	1
13050	2
13050	3
13050	4
130502	1
130502	2
130502	3
130502	4
130503	1
130503	2
130503	3
130503	4
130504	1
130504	2
130504	3
130505	1
130505	2
130505	3
130505	4
130505	5
130505	6
130505	7
130505	8
130505	9
13051	1
13051	2
13051	3
13051	4
130522	1
130522	2
130522	3
130525	1
130525	2
13053	1
130534	1
130534	2
130534	3
130535	1
130535	2
130535	3
130537	1
130537	2
130537	3
130537	4
130542	1
130542	2
130542	3
130542	4
130542	5
130542	6
13055	1
13055	2
130568	1
130569	1
130569	2
130569	3
130569	4
130569	5
130578	1
130578	2
130578	3
130578	4
130581	1
130581	2
130581	3
130581	4
130581	5
130581	6
130583	1
130585	1
130585	2
130585	3
130585	4
130588	1
130588	2
130588	3
130588	4
130588	5
130588	6
130588	7
130602	1
130602	2
130609	1
130609	2
130609	3
13061	1
13061	2
130610	1
130610	2
130610	3
130611	1
130611	2
130611	3
130613	1
130613	2
130613	3
130613	4
130613	5
130613	6
130614	1
130614	2
130614	3
130614	4
130615	1
130615	2
130615	3
13062	1
13062	2
130622	1
130622	2
130623	1
130623	2
130623	3
130623	4
130624	1
130624	2
130624	3
130624	4
130624	5
130624	6
130624	7
130624	8
13063	1
13063	2
13064	1
13064	2
13064	3
130642	1
130642	2
130642	3
130643	1
130643	2
130647	1
130647	2
130647	3
130647	4
130647	5
130647	6
130648	1
130648	2
130648	3
130648	4
130648	5
13065	1
13065	2
130650	1
130650	2
130650	3
130662	1
130662	2
130662	3
130662	4
130662	5
130663	1
130663	2
130663	3
130663	4
130663	5
130664	1
130664	2
130664	3
130664	4
130665	1
130665	2
130668	1
130668	2
130668	3
130668	4
130668	5
13067	1
13067	2
130670	1
130670	2
130670	3
130670	4
130686	1
130686	2
130686	3
130687	1
130687	2
130687	3
130687	4
130687	5
130687	6
130688	1
130688	2
1307	1
1307	2
1307	3
1307	4
13070	1
130704	1
130704	2
130706	1
13071	1
13071	2
13072	1
13072	2
13072	3
13072	4
130723	1
130728	1
130728	2
130728	3
130728	4
130729	1
130729	2
13073	1
13073	2
13073	3
13073	4
13073	5
13074	1
13074	10
13074	11
13074	12
13074	13
13074	2
13074	3
13074	4
13074	5
13074	6
13074	7
13074	8
13074	9
130743	1
13075	1
13077	1
13077	2
13077	3
13077	4
13077	5
13077	6
13077	7
13077	9
13078	1
13078	2
130789	1
130789	2
130789	3
130789	4
13079	1
13079	2
130790	1
130790	2
130790	3
130794	1
130794	2
130794	3
130794	4
130794	5
130794	6
130795	1
130795	2
130795	3
130795	4
130796	1
130796	2
130796	3
130796	4
130796	5
130797	1
1308	1
1308	10
1308	2
1308	3
1308	4
1308	8
1308	9
13080	1
13080	2
13080	3
130801	1
130801	2
130802	1
130802	2
130802	3
130802	4
130804	1
130804	2
13081	1
13081	2
13081	3
13081	4
13081	5
13081	6
13082	1
13082	2
130822	1
130826	1
130826	2
130826	3
130826	4
130826	5
130826	6
130830	1
130830	2
130836	1
130836	2
130836	3
130836	4
130838	1
130838	2
130838	3
130838	4
130838	5
130839	1
130839	2
130841	1
130841	2
130841	3
130845	1
130845	2
130846	1
130846	2
130846	3
130846	4
130846	5
130846	6
130846	7
130846	8
130846	9
130847	1
130847	2
130847	3
13085	1
13085	2
13085	3
13086	1
13086	2
13086	3
130862	4
130862	5
130862	6
130862	7
130863	1
130863	2
130864	1
130864	2
130865	1
130865	10
130865	11
130865	12
130865	13
130865	2
130865	3
130865	4
130865	5
130865	6
130865	7
130865	8
130865	9
13087	2
13087	3
13088	1
13088	2
13088	3
130884	1
130884	2
130884	3
130884	4
130887	1
130887	10
130887	11
130887	12
130887	13
130887	14
130887	2
130887	3
130887	4
130887	5
130887	6
130887	7
130887	8
130887	9
13089	1
13089	2
13089	3
130891	1
130891	2
130891	3
130891	4
130891	5
130892	1
130892	2
130892	3
130892	4
130892	5
1309	1
1309	2
1309	3
1309	4
13090	1
13090	2
130902	2
130902	3
130902	4
130902	5
130902	6
130902	7
130904	1
130904	2
130904	3
130904	4
130904	5
130904	6
130904	7
130904	8
130907	1
130907	2
130907	3
130907	4
130907	5
130908	1
130908	2
130908	3
130908	4
130909	1
130909	2
130909	3
13091	1
13091	2
13091	3
13091	4
13091	5
13091	6
13091	7
130922	1
130922	2
130923	1
130923	2
130923	3
130924	1
130924	2
130925	1
130925	2
130925	3
130925	4
130926	1
130927	1
130927	2
130927	3
130927	4
130927	5
130929	1
130929	2
130930	1
130930	2
130930	3
130932	1
130932	2
130932	3
130933	1
130933	2
130933	3
130933	4
130934	1
130937	1
130937	2
130937	3
130937	4
130938	1
130938	2
130945	1
130945	2
130945	3
130945	4
130945	5
130945	6
130945	7
130945	8
130946	1
130947	1
130949	1
13095	1
13095	2
13095	3
130950	1
130950	2
130950	3
130950	4
130950	5
130952	1
130952	2
130952	3
130952	4
130952	5
130952	6
130952	7
130952	8
130952	9
130955	1
130955	2
130955	3
130955	4
130955	5
130955	6
130955	7
130955	8
130955	9
130957	1
130957	2
130957	3
130957	4
130957	5
130958	1
130958	2
130958	3
130958	4
13096	1
13096	2
13096	3
13096	4
13096	5
13096	6
13096	7
130961	1
130961	2
130961	3
130961	4
130964	1
130964	2
130964	3
130964	4
130964	5
130965	1
130965	2
130965	3
130965	4
130968	1
130968	2
130968	3
130968	4
130968	5
130968	6
130968	7
130968	8
130969	1
130969	2
130969	3
13097	1
13097	2
13097	3
13097	4
130976	1
130976	2
130976	3
130976	4
130976	5
130976	6
130976	7
130976	8
130977	1
130977	2
130978	1
130978	2
130978	3
130978	4
130978	5
130981	1
130981	2
130981	3
130981	4
130981	5
130981	6
130981	7
130986	1
130986	2
130986	3
130986	4
13099	1
130991	1
130991	2
131	1
131	2
131	3
1310	1
1310	2
131002	1
131002	2
131002	3
13101	1
13101	2
131024	1
131024	2
131026	1
13103	1
13103	2
13103	3
131032	1
131032	2
131032	3
131032	4
131032	5
131032	6
131032	7
131033	1
131043	4
131043	5
131043	6
131043	7
131043	8
131044	1
131044	2
131044	3
131045	1
131045	2
131045	3
131045	4
13105	1
13105	2
13105	3
13105	4
131064	1
131064	2
131064	3
131064	4
131064	5
131064	6
131072	1
13108	1
13108	2
13108	3
13108	4
131089	1
131089	2
131089	3
13109	1
13109	2
131090	1
131090	2
131090	3
131090	4
131090	5
131090	6
131091	1
131091	10
131091	11
131091	12
131091	13
131091	14
131091	15
131091	16
131091	17
131091	18
131091	19
131091	2
131091	20
131091	21
131091	22
131091	23
131091	24
131091	3
131091	4
131091	5
131091	6
131091	7
131091	8
131091	9
131097	1
1311	1
1311	2
1311	3
13110	1
13110	2
131102	1
131102	10
131102	11
131102	12
131102	13
131102	14
131102	15
131102	2
131102	3
131102	4
131102	5
131102	6
131102	7
131102	8
13111	1
13111	2
13111	3
13112	1
13112	2
13112	3
13112	4
13112	5
13112	6
13113	1
13113	2
13113	3
13113	4
13113	5
13113	6
131146	1
131146	2
131146	3
131146	4
131146	5
131147	1
131147	2
131147	3
131147	4
131148	1
131149	1
131149	2
131149	3
13115	1
13115	2
13115	3
131150	1
131150	2
131150	3
131150	4
131150	5
13116	1
13116	2
13116	3
131160	1
131160	2
13118	1
13118	2
131182	1
131182	2
131182	3
131182	4
131182	5
131182	6
131183	1
131183	2
131183	3
131183	4
131184	1
131184	2
131184	3
131184	4
131185	1
131185	2
131185	3
131185	4
131186	1
131186	2
131186	3
131189	1
13119	1
13119	2
13119	6
13119	7
13119	8
131197	1
131197	2
131197	3
131197	4
131197	5
1312	1
1312	2
1312	3
13120	1
13120	2
13122	1
131222	1
131222	2
131222	3
131222	4
131224	1
131224	10
131224	11
131224	12
131224	13
131224	14
131224	2
131224	3
131224	4
131224	5
131224	6
131224	7
131224	8
131224	9
131225	1
131226	1
131226	2
131242	1
131242	2
131242	3
131242	4
131243	1
131246	1
131246	2
131246	3
131246	4
131248	1
131248	2
131249	1
13125	1
13125	2
13125	3
13125	4
13125	5
13125	6
13125	7
13125	8
131252	1
131252	2
131252	3
131252	4
131252	5
131252	6
131252	7
131252	8
131252	9
131254	1
131254	2
131254	3
131254	4
131254	5
131254	6
131254	7
131254	8
131257	1
131262	1
131262	2
131265	1
131265	2
131265	3
131265	4
131265	5
131265	6
131283	1
13129	1
13129	2
13129	3
13129	4
13129	5
13129	6
1313	1
1313	2
131302	1
131302	2
131302	3
131302	4
131303	1
131303	2
131304	1
131305	1
131305	2
131306	1
131306	2
131307	1
131308	1
131308	2
131308	3
131309	1
131309	2
13132	1
13132	10
13132	11
13132	2
13132	3
13132	4
13132	5
13132	6
13132	7
13132	8
13132	9
131323	1
131323	2
131324	1
131324	2
131325	1
131325	2
131326	1
131326	2
131326	3
131326	4
131328	1
131328	2
131328	3
131328	4
131328	5
131328	6
13133	1
13133	2
13133	3
13133	4
13134	1
13134	3
13135	1
13135	2
13135	3
13135	4
13135	5
13135	6
131354	1
131354	2
131354	3
131354	4
131355	1
131356	1
131357	1
13136	1
13136	3
131362	1
13137	1
13137	2
13137	3
131384	1
131384	2
131384	3
131384	4
131384	5
131387	1
131388	1
131388	2
131388	3
131388	4
131388	5
13139	1
13139	2
13139	3
13139	4
1314	1
1314	2
1314	3
1314	4
1314	5
13140	1
13140	2
13140	3
13140	4
13140	5
13140	6
13140	7
131409	1
131409	2
131409	3
131409	4
131409	5
13141	1
13141	2
13141	3
13141	4
13141	5
13141	6
13141	7
13141	8
13141	9
131410	1
131410	2
131410	3
131410	4
131410	5
131410	6
131411	1
131411	2
13142	1
13142	2
13142	3
13142	4
13142	5
131425	1
131425	2
131425	3
131425	4
131427	1
131427	2
131427	3
131427	4
131427	5
13143	1
13143	2
13143	3
13143	4
13143	5
13143	6
13143	7
13143	8
13143	9
13144	1
13144	2
13144	3
13144	4
13144	5
13144	6
13144	7
13144	8
131446	1
131455	1
131455	2
131455	3
131455	4
131455	5
131455	6
131456	1
13146	1
13146	2
13146	3
13146	4
13146	5
131462	1
131462	10
131462	11
131462	12
131462	2
131462	3
131462	4
131462	5
131462	6
131462	8
131462	9
131464	1
131464	10
131464	11
131464	2
131464	3
131464	4
131464	5
131464	6
131464	7
131464	8
131464	9
13147	1
13147	10
13147	11
13147	12
13147	13
13147	14
13147	15
13147	16
13147	2
13147	3
13147	4
13147	5
13147	6
13147	7
13147	8
13147	9
13148	1
13148	2
13148	3
13148	4
13148	5
13148	6
13148	7
131482	1
131482	10
131482	2
131482	3
131482	4
131482	5
131482	6
131482	7
131482	8
131482	9
131487	1
131487	2
131487	3
131487	4
131487	5
131487	6
131487	7
131487	8
131489	1
13149	1
13149	2
13149	3
13149	4
131491	1
131491	2
131491	3
131491	4
131491	5
131497	1
131497	2
131497	3
131497	4
